onset	duration	trial_type	value	sample	marker_index	stim_file
0.03125	0.0	stim_test	16561	8	6	16561.jpg
0.234375	0.0	stim_test	16610	60	7	16610.jpg
0.43359375	0.0	stim_test	16562	111	8	16562.jpg
0.6328125	0.0	stim_test	16639	162	9	16639.jpg
0.83203125	0.0	stim_test	16556	213	10	16556.jpg
1.03515625	0.0	stim_test	16591	265	11	16591.jpg
1.234375	0.0	stim_test	16668	316	12	16668.jpg
1.43359375	0.0	stim_test	16648	367	13	16648.jpg
1.6328125	0.0	stim_test	16682	418	14	16682.jpg
1.83203125	0.0	stim_test	16618	469	15	16618.jpg
2.03515625	0.0	stim_test	16632	521	16	16632.jpg
2.234375	0.0	stim_test	16576	572	17	16576.jpg
2.43359375	0.0	stim_test	16693	623	18	16693.jpg
2.6328125	0.0	stim_test	16540	674	19	16540.jpg
2.8359375	0.0	stim_test	16585	726	20	16585.jpg
4.62109375	0.0	behav	3	1183	21	n/a
4.98828125	0.0	stim_test	16617	1277	22	16617.jpg
5.1875	0.0	stim_test	16608	1328	23	16608.jpg
5.38671875	0.0	stim_test	16636	1379	24	16636.jpg
5.58984375	0.0	stim_test	16581	1431	25	16581.jpg
5.7890625	0.0	stim_test	16583	1482	26	16583.jpg
5.98828125	0.0	stim_test	16729	1533	27	16729.jpg
6.1875	0.0	stim_test	16689	1584	28	16689.jpg
6.390625	0.0	stim_test	16716	1636	29	16716.jpg
6.58984375	0.0	stim_test	16653	1687	30	16653.jpg
6.7890625	0.0	stim_test	16694	1738	31	16694.jpg
6.98828125	0.0	stim_test	16676	1789	32	16676.jpg
7.19140625	0.0	stim_test	16709	1841	33	16709.jpg
7.390625	0.0	stim_test	16633	1892	34	16633.jpg
7.58984375	0.0	stim_test	16659	1943	35	16659.jpg
7.79296875	0.0	stim_test	16626	1995	36	16626.jpg
7.9921875	0.0	stim_test	16691	2046	37	16691.jpg
8.19140625	0.0	stim_test	16624	2097	38	16624.jpg
8.390625	0.0	stim_test	16661	2148	39	16661.jpg
8.58984375	0.0	stim_test	16643	2199	40	16643.jpg
8.79296875	0.0	stim_test	16635	2251	41	16635.jpg
10.67578125	0.0	behav	3	2733	42	n/a
11.02734375	0.0	stim_test	16732	2823	43	16732.jpg
11.2265625	0.0	stim_test	16706	2874	44	16706.jpg
11.4296875	0.0	stim_test	16692	2926	45	16692.jpg
11.62890625	0.0	stim_test	16565	2977	46	16565.jpg
11.828125	0.0	stim_test	16680	3028	47	16680.jpg
12.02734375	0.0	stim_test	16696	3079	48	16696.jpg
12.23046875	0.0	stim_test	16605	3131	49	16605.jpg
12.4296875	0.0	stim_test	16602	3182	50	16602.jpg
12.62890625	0.0	stim_test	16665	3233	51	16665.jpg
12.83203125	0.0	stim_test	16719	3285	52	16719.jpg
13.03125	0.0	stim_test	16623	3336	53	16623.jpg
13.23046875	0.0	stim_test	16634	3387	54	16634.jpg
13.4296875	0.0	stim_test	16560	3438	55	16560.jpg
13.62890625	0.0	stim_test	16655	3489	56	16655.jpg
13.83203125	0.0	stim_test	16650	3541	57	16650.jpg
14.03125	0.0	stim_test	16628	3592	58	16628.jpg
14.23046875	0.0	stim_test	16652	3643	59	16652.jpg
14.4296875	0.0	stim_test	16564	3694	60	16564.jpg
14.6328125	0.0	stim_test	16736	3746	61	16736.jpg
14.83203125	0.0	stim_test	16686	3797	62	16686.jpg
16.6171875	0.0	behav	3	4254	63	n/a
16.98046875	0.0	stim_test	16674	4347	64	16674.jpg
17.1796875	0.0	stim_test	16670	4398	65	16670.jpg
17.3828125	0.0	stim_test	16679	4450	66	16679.jpg
17.5859375	0.0	stim_test	16614	4502	67	16614.jpg
17.78125	0.0	stim_test	16728	4552	68	16728.jpg
17.984375	0.0	stim_test	16606	4604	69	16606.jpg
18.1875	0.0	stim_test	16739	4656	70	16739.jpg
18.38671875	0.0	stim_test	16651	4707	71	16651.jpg
18.58203125	0.0	stim_test	16598	4757	72	16598.jpg
18.78125	0.0	stim_test	16622	4808	73	16622.jpg
18.984375	0.0	stim_test	16637	4860	74	16637.jpg
19.18359375	0.0	stim_test	16684	4911	75	16684.jpg
19.3828125	0.0	stim_test	16611	4962	76	16611.jpg
19.58203125	0.0	stim_test	16675	5013	77	16675.jpg
19.78515625	0.0	stim_test	16612	5065	78	16612.jpg
19.984375	0.0	stim_test	16685	5116	79	16685.jpg
20.18359375	0.0	stim_test	16613	5167	80	16613.jpg
20.3828125	0.0	stim_test	16549	5218	81	16549.jpg
20.5859375	0.0	stim_test	16603	5270	82	16603.jpg
20.78515625	0.0	stim_test	16619	5321	83	16619.jpg
22.14453125	0.0	behav	3	5669	84	n/a
22.5078125	0.0	stim_test	16708	5762	85	16708.jpg
22.703125	0.0	stim_test	16667	5812	86	16667.jpg
22.90234375	0.0	stim_test	16683	5863	87	16683.jpg
23.10546875	0.0	stim_test	16607	5915	88	16607.jpg
23.3046875	0.0	stim_test	16587	5966	89	16587.jpg
23.50390625	0.0	stim_test	16710	6017	90	16710.jpg
23.703125	0.0	stim_test	16557	6068	91	16557.jpg
23.90625	0.0	stim_test	16620	6120	92	16620.jpg
24.10546875	0.0	stim_test	16599	6171	93	16599.jpg
24.3046875	0.0	stim_test	16647	6222	94	16647.jpg
24.50390625	0.0	stim_test	16645	6273	95	16645.jpg
24.70703125	0.0	stim_test	16543	6325	96	16543.jpg
24.90625	0.0	stim_test	16700	6376	97	16700.jpg
25.10546875	0.0	stim_test	16731	6427	98	16731.jpg
25.3046875	0.0	stim_test	16600	6478	99	16600.jpg
25.50390625	0.0	stim_test	16698	6529	100	16698.jpg
25.70703125	0.0	stim_test	16615	6581	272	16615.jpg
25.90625	0.0	stim_test	16578	6632	273	16578.jpg
26.10546875	0.0	stim_test	16544	6683	274	16544.jpg
26.30859375	0.0	stim_test	16701	6735	275	16701.jpg
27.66015625	0.0	behav	3	7081	276	n/a
28.0078125	0.0	stim_test	16724	7170	277	16724.jpg
28.2109375	0.0	stim_test	16609	7222	278	16609.jpg
28.41015625	0.0	stim_test	16663	7273	279	16663.jpg
28.609375	0.0	stim_test	16554	7324	280	16554.jpg
28.80859375	0.0	stim_test	16703	7375	281	16703.jpg
29.01171875	0.0	stim_test	16596	7427	282	16596.jpg
29.2109375	0.0	stim_test	16546	7478	283	16546.jpg
29.41015625	0.0	stim_test	16625	7529	284	16625.jpg
29.609375	0.0	stim_test	16656	7580	285	16656.jpg
29.80859375	0.0	stim_test	16688	7631	286	16688.jpg
30.01171875	0.0	stim_test	16604	7683	287	16604.jpg
30.2109375	0.0	stim_test	16737	7734	288	16737.jpg
30.41015625	0.0	stim_test	16723	7785	289	16723.jpg
30.61328125	0.0	stim_test	16714	7837	290	16714.jpg
30.8125	0.0	stim_test	16574	7888	291	16574.jpg
31.01171875	0.0	stim_test	16559	7939	292	16559.jpg
31.2109375	0.0	stim_test	16553	7990	293	16553.jpg
31.4140625	0.0	stim_test	16551	8042	294	16551.jpg
31.61328125	0.0	stim_test	16715	8093	295	16715.jpg
31.8125	0.0	stim_test	16580	8144	296	16580.jpg
33.10546875	0.0	behav	3	8475	297	n/a
33.44921875	0.0	stim_test	16677	8563	298	16677.jpg
33.6484375	0.0	stim_test	16558	8614	299	16558.jpg
33.84765625	0.0	stim_test	16629	8665	300	16629.jpg
34.05078125	0.0	stim_test	16584	8717	301	16584.jpg
34.25	0.0	stim_test	16592	8768	302	16592.jpg
34.44921875	0.0	stim_test	16586	8819	303	16586.jpg
34.6484375	0.0	stim_test	16658	8870	304	16658.jpg
34.8515625	0.0	stim_test	16712	8922	305	16712.jpg
35.05078125	0.0	stim_test	16631	8973	306	16631.jpg
35.25	0.0	stim_test	16702	9024	307	16702.jpg
35.44921875	0.0	stim_test	16630	9075	308	16630.jpg
35.65234375	0.0	stim_test	16654	9127	309	16654.jpg
35.8515625	0.0	stim_test	16671	9178	310	16671.jpg
36.05078125	0.0	stim_test	16734	9229	311	16734.jpg
36.25390625	0.0	stim_test	16582	9281	312	16582.jpg
36.453125	0.0	stim_test	16660	9332	313	16660.jpg
36.65234375	0.0	stim_test	16567	9383	314	16567.jpg
36.8515625	0.0	stim_test	16672	9434	315	16672.jpg
37.0546875	0.0	stim_test	16601	9486	316	16601.jpg
37.25390625	0.0	stim_test	16575	9537	317	16575.jpg
38.59765625	0.0	behav	3	9881	318	n/a
38.953125	0.0	stim_test	16555	9972	319	16555.jpg
39.15625	0.0	stim_test	16573	10024	320	16573.jpg
39.35546875	0.0	stim_test	16646	10075	321	16646.jpg
39.5546875	0.0	stim_test	16720	10126	322	16720.jpg
39.75390625	0.0	stim_test	16640	10177	323	16640.jpg
39.95703125	0.0	stim_test	16541	10229	324	16541.jpg
40.15625	0.0	stim_test	16593	10280	325	16593.jpg
40.35546875	0.0	stim_test	16678	10331	326	16678.jpg
40.5546875	0.0	stim_test	16641	10382	327	16641.jpg
40.7578125	0.0	stim_test	16627	10434	328	16627.jpg
40.95703125	0.0	stim_test	16579	10485	329	16579.jpg
41.15625	0.0	stim_test	16563	10536	330	16563.jpg
41.35546875	0.0	stim_test	16644	10587	331	16644.jpg
41.55859375	0.0	stim_test	16664	10639	332	16664.jpg
41.7578125	0.0	stim_test	16666	10690	333	16666.jpg
41.95703125	0.0	stim_test	16545	10741	334	16545.jpg
42.15625	0.0	stim_test	16589	10792	335	16589.jpg
42.359375	0.0	stim_test	16699	10844	336	16699.jpg
42.55859375	0.0	stim_test	16711	10895	337	16711.jpg
42.7578125	0.0	stim_test	16568	10946	338	16568.jpg
44.109375	0.0	behav	3	11292	339	n/a
44.4765625	0.0	stim_test	16705	11386	340	16705.jpg
44.67578125	0.0	stim_test	16590	11437	341	16590.jpg
44.87890625	0.0	stim_test	16569	11489	342	16569.jpg
45.078125	0.0	stim_test	16690	11540	343	16690.jpg
45.27734375	0.0	stim_test	16681	11591	344	16681.jpg
45.48046875	0.0	stim_test	16548	11643	345	16548.jpg
45.6796875	0.0	stim_test	16542	11694	346	16542.jpg
45.87890625	0.0	stim_test	16726	11745	347	16726.jpg
46.078125	0.0	stim_test	16722	11796	348	16722.jpg
46.28125	0.0	stim_test	16571	11848	349	16571.jpg
46.48046875	0.0	stim_test	16713	11899	350	16713.jpg
46.6796875	0.0	stim_test	16704	11950	351	16704.jpg
46.87890625	0.0	stim_test	16695	12001	352	16695.jpg
47.08203125	0.0	stim_test	16707	12053	353	16707.jpg
47.28125	0.0	stim_test	16577	12104	354	16577.jpg
47.48046875	0.0	stim_test	16572	12155	355	16572.jpg
47.68359375	0.0	stim_test	16638	12207	356	16638.jpg
47.8828125	0.0	stim_test	16594	12258	357	16594.jpg
48.08203125	0.0	stim_test	16669	12309	358	16669.jpg
48.28125	0.0	stim_test	16552	12360	359	16552.jpg
49.6015625	0.0	behav	3	12698	360	n/a
49.94921875	0.0	stim_test	16649	12787	361	16649.jpg
50.1484375	0.0	stim_test	16588	12838	362	16588.jpg
50.3515625	0.0	stim_test	16727	12890	363	16727.jpg
50.55078125	0.0	stim_test	16550	12941	364	16550.jpg
50.75	0.0	stim_test	16738	12992	365	16738.jpg
50.953125	0.0	stim_test	16570	13044	366	16570.jpg
51.15234375	0.0	stim_test	16687	13095	367	16687.jpg
51.3515625	0.0	stim_test	16697	13146	368	16697.jpg
51.55078125	0.0	stim_test	16725	13197	369	16725.jpg
51.75	0.0	stim_test	16595	13248	370	16595.jpg
51.94921875	0.0	stim_test	16730	13299	371	16730.jpg
52.1484375	0.0	stim_test	16642	13350	372	16642.jpg
52.3515625	0.0	stim_test	16616	13402	373	16616.jpg
52.5546875	0.0	stim_test	16621	13454	374	16621.jpg
52.75390625	0.0	stim_test	16718	13505	375	16718.jpg
52.953125	0.0	stim_test	16566	13556	376	16566.jpg
53.15234375	0.0	stim_test	16721	13607	377	16721.jpg
53.3515625	0.0	stim_test	16657	13658	378	16657.jpg
53.5546875	0.0	stim_test	16733	13710	379	16733.jpg
53.75	0.0	stim_test	16662	13760	380	16662.jpg
55.35546875	0.0	behav	3	14171	381	n/a
55.71875	0.0	stim_test	16540	14264	382	16540.jpg
55.921875	0.0	stim_test	16541	14316	383	16541.jpg
56.12109375	0.0	stim_test	16542	14367	384	16542.jpg
56.3203125	0.0	stim_test	16543	14418	385	16543.jpg
56.51953125	0.0	stim_test	16544	14469	386	16544.jpg
56.71875	0.0	stim_test	16545	14520	387	16545.jpg
56.92578125	0.0	stim_test	16546	14573	388	16546.jpg
57.12109375	0.0	stim_test	16547	14623	389	16547.jpg
57.33984375	0.0	stim_test	16548	14679	390	16548.jpg
57.5390625	0.0	stim_test	16549	14730	391	16549.jpg
57.73828125	0.0	stim_test	16550	14781	392	16550.jpg
57.9375	0.0	stim_test	16551	14832	393	16551.jpg
58.140625	0.0	stim_test	16552	14884	394	16552.jpg
58.33984375	0.0	stim_test	16553	14935	395	16553.jpg
58.5390625	0.0	stim_test	16554	14986	396	16554.jpg
58.73828125	0.0	stim_test	16555	15037	397	16555.jpg
58.94140625	0.0	stim_test	16556	15089	398	16556.jpg
59.140625	0.0	stim_test	16557	15140	399	16557.jpg
59.33984375	0.0	stim_test	16558	15191	400	16558.jpg
59.5390625	0.0	stim_test	16559	15242	401	16559.jpg
60.82421875	0.0	behav	3	15571	402	n/a
61.19140625	0.0	stim_test	16560	15665	403	16560.jpg
61.39453125	0.0	stim_test	16561	15717	404	16561.jpg
61.59375	0.0	stim_test	16562	15768	405	16562.jpg
61.79296875	0.0	stim_test	16563	15819	406	16563.jpg
61.9921875	0.0	stim_test	16564	15870	407	16564.jpg
62.19140625	0.0	stim_test	16565	15921	408	16565.jpg
62.39453125	0.0	stim_test	16566	15973	409	16566.jpg
62.59375	0.0	stim_test	16567	16024	410	16567.jpg
62.79296875	0.0	stim_test	16568	16075	411	16568.jpg
62.99609375	0.0	stim_test	16569	16127	412	16569.jpg
63.1953125	0.0	stim_test	16570	16178	413	16570.jpg
63.39453125	0.0	stim_test	16571	16229	414	16571.jpg
63.59375	0.0	stim_test	16572	16280	415	16572.jpg
63.796875	0.0	stim_test	16573	16332	416	16573.jpg
63.99609375	0.0	stim_test	16574	16383	417	16574.jpg
64.1953125	0.0	stim_test	16575	16434	418	16575.jpg
64.39453125	0.0	stim_test	16576	16485	419	16576.jpg
64.59765625	0.0	stim_test	16577	16537	420	16577.jpg
64.796875	0.0	stim_test	16578	16588	421	16578.jpg
64.99609375	0.0	stim_test	16579	16639	422	16579.jpg
66.7421875	0.0	behav	3	17086	423	n/a
67.09765625	0.0	stim_test	16580	17177	424	16580.jpg
67.296875	0.0	stim_test	16581	17228	425	16581.jpg
67.5	0.0	stim_test	16582	17280	426	16582.jpg
67.69921875	0.0	stim_test	16583	17331	427	16583.jpg
67.8984375	0.0	stim_test	16584	17382	428	16584.jpg
68.1015625	0.0	stim_test	16585	17434	429	16585.jpg
68.30078125	0.0	stim_test	16586	17485	430	16586.jpg
68.5	0.0	stim_test	16587	17536	431	16587.jpg
68.703125	0.0	stim_test	16588	17588	432	16588.jpg
68.90234375	0.0	stim_test	16589	17639	433	16589.jpg
69.1015625	0.0	stim_test	16590	17690	434	16590.jpg
69.30078125	0.0	stim_test	16591	17741	435	16591.jpg
69.50390625	0.0	stim_test	16592	17793	436	16592.jpg
69.703125	0.0	stim_test	16593	17844	437	16593.jpg
69.90234375	0.0	stim_test	16594	17895	438	16594.jpg
70.1015625	0.0	stim_test	16595	17946	439	16595.jpg
70.3046875	0.0	stim_test	16596	17998	440	16596.jpg
70.50390625	0.0	stim_test	16597	18049	441	16597.jpg
70.703125	0.0	oddball	16744	18100	442	16744.jpg
70.90234375	0.0	stim_test	16598	18151	443	16598.jpg
72.19140625	0.0	behav	2	18481	444	n/a
72.5546875	0.0	stim_test	16599	18574	445	16599.jpg
72.75390625	0.0	stim_test	16600	18625	446	16600.jpg
72.95703125	0.0	stim_test	16601	18677	447	16601.jpg
73.15625	0.0	stim_test	16602	18728	448	16602.jpg
73.35546875	0.0	stim_test	16603	18779	449	16603.jpg
73.5546875	0.0	stim_test	16604	18830	450	16604.jpg
73.7578125	0.0	stim_test	16605	18882	451	16605.jpg
73.95703125	0.0	stim_test	16606	18933	452	16606.jpg
74.15625	0.0	stim_test	16607	18984	453	16607.jpg
74.35546875	0.0	stim_test	16608	19035	454	16608.jpg
74.55859375	0.0	stim_test	16609	19087	455	16609.jpg
74.7578125	0.0	stim_test	16610	19138	456	16610.jpg
74.95703125	0.0	stim_test	16611	19189	457	16611.jpg
75.15625	0.0	stim_test	16612	19240	458	16612.jpg
75.359375	0.0	stim_test	16613	19292	459	16613.jpg
75.55859375	0.0	stim_test	16614	19343	460	16614.jpg
75.7578125	0.0	stim_test	16615	19394	461	16615.jpg
75.95703125	0.0	stim_test	16616	19445	462	16616.jpg
76.16015625	0.0	stim_test	16617	19497	463	16617.jpg
76.359375	0.0	stim_test	16618	19548	464	16618.jpg
78.55859375	0.0	behav	3	20111	465	n/a
78.91015625	0.0	stim_test	16619	20201	466	16619.jpg
79.11328125	0.0	stim_test	16620	20253	467	16620.jpg
79.3125	0.0	stim_test	16621	20304	468	16621.jpg
79.51171875	0.0	stim_test	16622	20355	469	16622.jpg
79.71484375	0.0	stim_test	16623	20407	470	16623.jpg
79.9140625	0.0	stim_test	16624	20458	471	16624.jpg
80.11328125	0.0	stim_test	16625	20509	472	16625.jpg
80.3125	0.0	stim_test	16626	20560	473	16626.jpg
80.51171875	0.0	stim_test	16627	20611	474	16627.jpg
80.71484375	0.0	stim_test	16628	20663	475	16628.jpg
80.9140625	0.0	stim_test	16629	20714	476	16629.jpg
81.11328125	0.0	stim_test	16630	20765	477	16630.jpg
81.31640625	0.0	stim_test	16631	20817	478	16631.jpg
81.515625	0.0	stim_test	16632	20868	479	16632.jpg
81.71484375	0.0	stim_test	16633	20919	480	16633.jpg
81.9140625	0.0	stim_test	16634	20970	481	16634.jpg
82.1171875	0.0	stim_test	16635	21022	482	16635.jpg
82.31640625	0.0	stim_test	16636	21073	483	16636.jpg
82.515625	0.0	stim_test	16637	21124	484	16637.jpg
82.71484375	0.0	stim_test	16638	21175	485	16638.jpg
84.02734375	0.0	behav	3	21511	486	n/a
84.38671875	0.0	stim_test	16639	21603	487	16639.jpg
84.5859375	0.0	stim_test	16640	21654	488	16640.jpg
84.78515625	0.0	stim_test	16641	21705	489	16641.jpg
84.984375	0.0	stim_test	16642	21756	490	16642.jpg
85.18359375	0.0	stim_test	16643	21807	491	16643.jpg
85.38671875	0.0	stim_test	16644	21859	492	16644.jpg
85.5859375	0.0	stim_test	16645	21910	493	16645.jpg
85.78125	0.0	stim_test	16646	21960	494	16646.jpg
85.984375	0.0	stim_test	16647	22012	495	16647.jpg
86.1875	0.0	stim_test	16648	22064	496	16648.jpg
86.38671875	0.0	stim_test	16649	22115	497	16649.jpg
86.5859375	0.0	stim_test	16650	22166	498	16650.jpg
86.7890625	0.0	stim_test	16651	22218	499	16651.jpg
86.984375	0.0	stim_test	16652	22268	500	16652.jpg
87.18359375	0.0	stim_test	16653	22319	501	16653.jpg
87.3828125	0.0	stim_test	16654	22370	502	16654.jpg
87.5859375	0.0	stim_test	16655	22422	503	16655.jpg
87.78515625	0.0	stim_test	16656	22473	504	16656.jpg
87.984375	0.0	stim_test	16657	22524	505	16657.jpg
88.18359375	0.0	stim_test	16658	22575	506	16658.jpg
89.4921875	0.0	behav	3	22910	507	n/a
89.8359375	0.0	stim_test	16659	22998	508	16659.jpg
90.0390625	0.0	stim_test	16660	23050	509	16660.jpg
90.23828125	0.0	stim_test	16661	23101	510	16661.jpg
90.4375	0.0	stim_test	16662	23152	511	16662.jpg
90.640625	0.0	stim_test	16663	23204	512	16663.jpg
90.83984375	0.0	stim_test	16664	23255	513	16664.jpg
91.0390625	0.0	stim_test	16665	23306	514	16665.jpg
91.23828125	0.0	stim_test	16666	23357	515	16666.jpg
91.4375	0.0	stim_test	16667	23408	516	16667.jpg
91.640625	0.0	stim_test	16668	23460	517	16668.jpg
91.83984375	0.0	stim_test	16669	23511	518	16669.jpg
92.0390625	0.0	stim_test	16670	23562	519	16670.jpg
92.23828125	0.0	stim_test	16671	23613	520	16671.jpg
92.44140625	0.0	stim_test	16672	23665	521	16672.jpg
92.640625	0.0	stim_test	16673	23716	522	16673.jpg
92.83984375	0.0	stim_test	16674	23767	523	16674.jpg
93.0390625	0.0	stim_test	16675	23818	524	16675.jpg
93.2421875	0.0	stim_test	16676	23870	525	16676.jpg
93.44140625	0.0	stim_test	16677	23921	526	16677.jpg
93.640625	0.0	stim_test	16678	23972	527	16678.jpg
94.9375	0.0	behav	3	24304	528	n/a
95.27734375	0.0	stim_test	16679	24391	529	16679.jpg
95.4765625	0.0	stim_test	16680	24442	530	16680.jpg
95.67578125	0.0	stim_test	16681	24493	531	16681.jpg
95.875	0.0	stim_test	16682	24544	532	16682.jpg
96.078125	0.0	stim_test	16683	24596	533	16683.jpg
96.27734375	0.0	oddball	16740	24647	534	16740.jpg
96.4765625	0.0	stim_test	16684	24698	535	16684.jpg
96.67578125	0.0	stim_test	16685	24749	536	16685.jpg
96.87890625	0.0	stim_test	16686	24801	537	16686.jpg
97.078125	0.0	stim_test	16687	24852	538	16687.jpg
97.27734375	0.0	stim_test	16688	24903	539	16688.jpg
97.48046875	0.0	stim_test	16689	24955	540	16689.jpg
97.6796875	0.0	stim_test	16690	25006	541	16690.jpg
97.87890625	0.0	stim_test	16691	25057	542	16691.jpg
98.078125	0.0	stim_test	16692	25108	543	16692.jpg
98.28125	0.0	stim_test	16693	25160	544	16693.jpg
98.48046875	0.0	stim_test	16694	25211	545	16694.jpg
98.6796875	0.0	stim_test	16695	25262	546	16695.jpg
98.87890625	0.0	stim_test	16696	25313	547	16696.jpg
99.08203125	0.0	stim_test	16697	25365	548	16697.jpg
100.80859375	0.0	behav	3	25807	549	n/a
101.16796875	0.0	stim_test	16698	25899	550	16698.jpg
101.3671875	0.0	stim_test	16699	25950	551	16699.jpg
101.56640625	0.0	stim_test	16700	26001	552	16700.jpg
101.765625	0.0	stim_test	16701	26052	553	16701.jpg
101.96484375	0.0	stim_test	16702	26103	554	16702.jpg
102.16796875	0.0	stim_test	16703	26155	555	16703.jpg
102.3671875	0.0	stim_test	16704	26206	556	16704.jpg
102.56640625	0.0	stim_test	16705	26257	557	16705.jpg
102.76953125	0.0	stim_test	16706	26309	558	16706.jpg
102.96875	0.0	stim_test	16707	26360	559	16707.jpg
103.16796875	0.0	stim_test	16708	26411	560	16708.jpg
103.3671875	0.0	stim_test	16709	26462	561	16709.jpg
103.56640625	0.0	stim_test	16710	26513	562	16710.jpg
103.76953125	0.0	stim_test	16711	26565	563	16711.jpg
103.96875	0.0	stim_test	16712	26616	564	16712.jpg
104.16796875	0.0	stim_test	16713	26667	565	16713.jpg
104.37109375	0.0	stim_test	16714	26719	566	16714.jpg
104.5703125	0.0	stim_test	16715	26770	567	16715.jpg
104.76953125	0.0	stim_test	16716	26821	568	16716.jpg
104.96875	0.0	stim_test	16717	26872	569	16717.jpg
106.546875	0.0	behav	3	27276	570	n/a
106.90625	0.0	stim_test	16718	27368	571	16718.jpg
107.10546875	0.0	stim_test	16719	27419	572	16719.jpg
107.3046875	0.0	stim_test	16720	27470	573	16720.jpg
107.5078125	0.0	stim_test	16721	27522	574	16721.jpg
107.70703125	0.0	stim_test	16722	27573	575	16722.jpg
107.90625	0.0	stim_test	16723	27624	576	16723.jpg
108.10546875	0.0	stim_test	16724	27675	577	16724.jpg
108.30859375	0.0	stim_test	16725	27727	578	16725.jpg
108.5078125	0.0	stim_test	16726	27778	579	16726.jpg
108.70703125	0.0	stim_test	16727	27829	580	16727.jpg
108.90625	0.0	stim_test	16728	27880	581	16728.jpg
109.109375	0.0	stim_test	16729	27932	582	16729.jpg
109.30859375	0.0	stim_test	16730	27983	583	16730.jpg
109.5078125	0.0	stim_test	16731	28034	584	16731.jpg
109.70703125	0.0	stim_test	16732	28085	585	16732.jpg
109.91015625	0.0	stim_test	16733	28137	586	16733.jpg
110.109375	0.0	stim_test	16734	28188	587	16734.jpg
110.30859375	0.0	stim_test	16735	28239	588	16735.jpg
110.51171875	0.0	stim_test	16736	28291	589	16736.jpg
110.7109375	0.0	stim_test	16737	28342	590	16737.jpg
112.21875	0.0	behav	3	28728	591	n/a
112.578125	0.0	stim_test	16738	28820	592	16738.jpg
112.77734375	0.0	stim_test	16739	28871	593	16739.jpg
112.9765625	0.0	stim_test	16540	28922	594	16540.jpg
113.1796875	0.0	stim_test	16541	28974	595	16541.jpg
113.37890625	0.0	stim_test	16542	29025	596	16542.jpg
113.578125	0.0	stim_test	16543	29076	597	16543.jpg
113.78125	0.0	stim_test	16544	29128	598	16544.jpg
113.98046875	0.0	stim_test	16545	29179	599	16545.jpg
114.1796875	0.0	stim_test	16546	29230	600	16546.jpg
114.37890625	0.0	stim_test	16547	29281	601	16547.jpg
114.58203125	0.0	stim_test	16548	29333	602	16548.jpg
114.78125	0.0	stim_test	16549	29384	603	16549.jpg
114.98046875	0.0	stim_test	16550	29435	604	16550.jpg
115.1796875	0.0	stim_test	16551	29486	605	16551.jpg
115.3828125	0.0	stim_test	16552	29538	606	16552.jpg
115.58203125	0.0	stim_test	16553	29589	607	16553.jpg
115.78125	0.0	stim_test	16554	29640	608	16554.jpg
115.984375	0.0	stim_test	16555	29692	609	16555.jpg
116.18359375	0.0	stim_test	16556	29743	610	16556.jpg
116.3828125	0.0	stim_test	16557	29794	611	16557.jpg
117.6171875	0.0	behav	3	30110	612	n/a
117.984375	0.0	stim_test	16558	30204	613	16558.jpg
118.18359375	0.0	stim_test	16559	30255	614	16559.jpg
118.38671875	0.0	stim_test	16560	30307	615	16560.jpg
118.5859375	0.0	stim_test	16561	30358	616	16561.jpg
118.78515625	0.0	stim_test	16562	30409	617	16562.jpg
118.984375	0.0	stim_test	16563	30460	618	16563.jpg
119.18359375	0.0	stim_test	16564	30511	619	16564.jpg
119.38671875	0.0	stim_test	16565	30563	620	16565.jpg
119.5859375	0.0	stim_test	16566	30614	621	16566.jpg
119.7890625	0.0	stim_test	16567	30666	622	16567.jpg
119.98828125	0.0	stim_test	16568	30717	623	16568.jpg
120.1875	0.0	stim_test	16569	30768	624	16569.jpg
120.38671875	0.0	stim_test	16570	30819	625	16570.jpg
120.58203125	0.0	stim_test	16571	30869	626	16571.jpg
120.7890625	0.0	stim_test	16572	30922	627	16572.jpg
120.98828125	0.0	stim_test	16573	30973	628	16573.jpg
121.1875	0.0	stim_test	16574	31024	629	16574.jpg
121.38671875	0.0	stim_test	16575	31075	630	16575.jpg
121.5859375	0.0	stim_test	16576	31126	631	16576.jpg
121.78515625	0.0	stim_test	16577	31177	632	16577.jpg
122.9921875	0.0	behav	3	31486	633	n/a
123.3359375	0.0	stim_test	16578	31574	634	16578.jpg
123.53515625	0.0	stim_test	16579	31625	635	16579.jpg
123.7421875	0.0	stim_test	16580	31678	636	16580.jpg
123.94140625	0.0	stim_test	16581	31729	637	16581.jpg
124.140625	0.0	stim_test	16582	31780	638	16582.jpg
124.33984375	0.0	stim_test	16583	31831	639	16583.jpg
124.5390625	0.0	stim_test	16584	31882	640	16584.jpg
124.73828125	0.0	stim_test	16585	31933	641	16585.jpg
124.9375	0.0	stim_test	16586	31984	642	16586.jpg
125.13671875	0.0	stim_test	16587	32035	643	16587.jpg
125.34375	0.0	stim_test	16588	32088	644	16588.jpg
125.54296875	0.0	stim_test	16589	32139	645	16589.jpg
125.7421875	0.0	stim_test	16590	32190	646	16590.jpg
125.9375	0.0	stim_test	16591	32240	647	16591.jpg
126.140625	0.0	stim_test	16592	32292	648	16592.jpg
126.33984375	0.0	stim_test	16593	32343	649	16593.jpg
126.5390625	0.0	stim_test	16594	32394	650	16594.jpg
126.7421875	0.0	stim_test	16595	32446	651	16595.jpg
126.94140625	0.0	stim_test	16596	32497	652	16596.jpg
127.140625	0.0	stim_test	16597	32548	653	16597.jpg
128.4609375	0.0	behav	3	32886	654	n/a
128.828125	0.0	stim_test	16598	32980	655	16598.jpg
129.02734375	0.0	stim_test	16599	33031	656	16599.jpg
129.2265625	0.0	stim_test	16600	33082	657	16600.jpg
129.42578125	0.0	stim_test	16601	33133	658	16601.jpg
129.625	0.0	stim_test	16602	33184	659	16602.jpg
129.828125	0.0	stim_test	16603	33236	660	16603.jpg
130.02734375	0.0	stim_test	16604	33287	661	16604.jpg
130.2265625	0.0	stim_test	16605	33338	662	16605.jpg
130.4296875	0.0	stim_test	16606	33390	663	16606.jpg
130.62890625	0.0	stim_test	16607	33441	664	16607.jpg
130.828125	0.0	stim_test	16608	33492	665	16608.jpg
131.02734375	0.0	stim_test	16609	33543	666	16609.jpg
131.23046875	0.0	stim_test	16610	33595	667	16610.jpg
131.4296875	0.0	stim_test	16611	33646	668	16611.jpg
131.62890625	0.0	stim_test	16612	33697	669	16612.jpg
131.828125	0.0	stim_test	16613	33748	670	16613.jpg
132.03125	0.0	stim_test	16614	33800	671	16614.jpg
132.23046875	0.0	stim_test	16615	33851	672	16615.jpg
132.4296875	0.0	stim_test	16616	33902	673	16616.jpg
132.62890625	0.0	stim_test	16617	33953	674	16617.jpg
133.99609375	0.0	behav	3	34303	675	n/a
134.3671875	0.0	stim_test	16618	34398	676	16618.jpg
134.56640625	0.0	stim_test	16619	34449	677	16619.jpg
134.765625	0.0	stim_test	16620	34500	678	16620.jpg
134.96484375	0.0	stim_test	16621	34551	679	16621.jpg
135.16796875	0.0	stim_test	16622	34603	680	16622.jpg
135.3671875	0.0	stim_test	16623	34654	681	16623.jpg
135.56640625	0.0	stim_test	16624	34705	682	16624.jpg
135.765625	0.0	stim_test	16625	34756	683	16625.jpg
135.96484375	0.0	stim_test	16626	34807	684	16626.jpg
136.16796875	0.0	stim_test	16627	34859	685	16627.jpg
136.3671875	0.0	stim_test	16628	34910	686	16628.jpg
136.56640625	0.0	stim_test	16629	34961	687	16629.jpg
136.76953125	0.0	stim_test	16630	35013	688	16630.jpg
136.96875	0.0	stim_test	16631	35064	689	16631.jpg
137.16796875	0.0	stim_test	16632	35115	690	16632.jpg
137.37109375	0.0	stim_test	16633	35167	691	16633.jpg
137.5703125	0.0	stim_test	16634	35218	692	16634.jpg
137.76953125	0.0	stim_test	16635	35269	693	16635.jpg
137.96875	0.0	stim_test	16636	35320	694	16636.jpg
138.16796875	0.0	stim_test	16637	35371	695	16637.jpg
139.64453125	0.0	behav	3	35749	696	n/a
140.00390625	0.0	stim_test	16638	35841	697	16638.jpg
140.20703125	0.0	stim_test	16639	35893	698	16639.jpg
140.40625	0.0	stim_test	16640	35944	699	16640.jpg
140.60546875	0.0	stim_test	16641	35995	700	16641.jpg
140.8046875	0.0	stim_test	16642	36046	701	16642.jpg
141.00390625	0.0	stim_test	16643	36097	702	16643.jpg
141.20703125	0.0	stim_test	16644	36149	703	16644.jpg
141.40625	0.0	stim_test	16645	36200	704	16645.jpg
141.60546875	0.0	stim_test	16646	36251	705	16646.jpg
141.80859375	0.0	stim_test	16647	36303	706	16647.jpg
142.0078125	0.0	stim_test	16648	36354	707	16648.jpg
142.20703125	0.0	stim_test	16649	36405	708	16649.jpg
142.40625	0.0	stim_test	16650	36456	709	16650.jpg
142.60546875	0.0	stim_test	16651	36507	710	16651.jpg
142.80859375	0.0	stim_test	16652	36559	711	16652.jpg
143.0078125	0.0	stim_test	16653	36610	712	16653.jpg
143.20703125	0.0	stim_test	16654	36661	713	16654.jpg
143.41015625	0.0	stim_test	16655	36713	714	16655.jpg
143.609375	0.0	stim_test	16656	36764	715	16656.jpg
143.80859375	0.0	stim_test	16657	36815	716	16657.jpg
145.24609375	0.0	behav	3	37183	717	n/a
145.609375	0.0	stim_test	16658	37276	718	16658.jpg
145.8125	0.0	stim_test	16659	37328	719	16659.jpg
146.01171875	0.0	stim_test	16660	37379	720	16660.jpg
146.2109375	0.0	stim_test	16661	37430	721	16661.jpg
146.41015625	0.0	stim_test	16662	37481	722	16662.jpg
146.61328125	0.0	stim_test	16663	37533	723	16663.jpg
146.8125	0.0	stim_test	16664	37584	724	16664.jpg
147.01171875	0.0	stim_test	16665	37635	725	16665.jpg
147.2109375	0.0	stim_test	16666	37686	726	16666.jpg
147.4140625	0.0	stim_test	16667	37738	727	16667.jpg
147.61328125	0.0	stim_test	16668	37789	728	16668.jpg
147.8125	0.0	stim_test	16669	37840	729	16669.jpg
148.015625	0.0	stim_test	16670	37892	730	16670.jpg
148.21484375	0.0	stim_test	16671	37943	731	16671.jpg
148.4140625	0.0	stim_test	16672	37994	732	16672.jpg
148.61328125	0.0	stim_test	16673	38045	733	16673.jpg
148.81640625	0.0	stim_test	16674	38097	734	16674.jpg
149.015625	0.0	stim_test	16675	38148	735	16675.jpg
149.21484375	0.0	stim_test	16676	38199	736	16676.jpg
149.4140625	0.0	stim_test	16677	38250	737	16677.jpg
150.828125	0.0	behav	3	38612	738	n/a
151.16796875	0.0	stim_test	16678	38699	739	16678.jpg
151.3671875	0.0	stim_test	16679	38750	740	16679.jpg
151.56640625	0.0	stim_test	16680	38801	741	16680.jpg
151.76953125	0.0	stim_test	16681	38853	742	16681.jpg
151.96875	0.0	stim_test	16682	38904	743	16682.jpg
152.16796875	0.0	stim_test	16683	38955	744	16683.jpg
152.3671875	0.0	stim_test	16684	39006	745	16684.jpg
152.5703125	0.0	stim_test	16685	39058	746	16685.jpg
152.76953125	0.0	stim_test	16686	39109	747	16686.jpg
152.96875	0.0	stim_test	16687	39160	748	16687.jpg
153.16796875	0.0	stim_test	16688	39211	749	16688.jpg
153.37109375	0.0	stim_test	16689	39263	750	16689.jpg
153.5703125	0.0	stim_test	16690	39314	751	16690.jpg
153.76953125	0.0	stim_test	16691	39365	752	16691.jpg
153.97265625	0.0	stim_test	16692	39417	753	16692.jpg
154.171875	0.0	stim_test	16693	39468	754	16693.jpg
154.37109375	0.0	stim_test	16694	39519	755	16694.jpg
154.5703125	0.0	stim_test	16695	39570	756	16695.jpg
154.7734375	0.0	stim_test	16696	39622	757	16696.jpg
154.97265625	0.0	stim_test	16697	39673	758	16697.jpg
156.4765625	0.0	behav	3	40058	759	n/a
156.82421875	0.0	stim_test	16698	40147	760	16698.jpg
157.0234375	0.0	stim_test	16699	40198	761	16699.jpg
157.22265625	0.0	stim_test	16700	40249	762	16700.jpg
157.42578125	0.0	stim_test	16701	40301	763	16701.jpg
157.625	0.0	stim_test	16702	40352	764	16702.jpg
157.82421875	0.0	stim_test	16703	40403	765	16703.jpg
158.0234375	0.0	stim_test	16704	40454	766	16704.jpg
158.2265625	0.0	stim_test	16705	40506	767	16705.jpg
158.42578125	0.0	stim_test	16706	40557	768	16706.jpg
158.625	0.0	stim_test	16707	40608	769	16707.jpg
158.82421875	0.0	stim_test	16708	40659	770	16708.jpg
159.0234375	0.0	stim_test	16709	40710	771	16709.jpg
159.22265625	0.0	stim_test	16710	40761	772	16710.jpg
159.42578125	0.0	stim_test	16711	40813	773	16711.jpg
159.62109375	0.0	stim_test	16712	40863	774	16712.jpg
159.82421875	0.0	stim_test	16713	40915	775	16713.jpg
160.0234375	0.0	stim_test	16714	40966	776	16714.jpg
160.22265625	0.0	stim_test	16715	41017	777	16715.jpg
160.42578125	0.0	stim_test	16716	41069	778	16716.jpg
160.625	0.0	stim_test	16717	41120	779	16717.jpg
161.91796875	0.0	behav	3	41451	780	n/a
162.2578125	0.0	stim_test	16718	41538	781	16718.jpg
162.4609375	0.0	stim_test	16719	41590	782	16719.jpg
162.66015625	0.0	stim_test	16720	41641	783	16720.jpg
162.859375	0.0	stim_test	16721	41692	784	16721.jpg
163.05859375	0.0	stim_test	16722	41743	785	16722.jpg
163.26171875	0.0	stim_test	16723	41795	786	16723.jpg
163.4609375	0.0	stim_test	16724	41846	787	16724.jpg
163.66015625	0.0	stim_test	16725	41897	788	16725.jpg
163.859375	0.0	stim_test	16726	41948	789	16726.jpg
164.0625	0.0	stim_test	16727	42000	790	16727.jpg
164.26171875	0.0	stim_test	16728	42051	791	16728.jpg
164.4609375	0.0	stim_test	16729	42102	792	16729.jpg
164.66015625	0.0	stim_test	16730	42153	793	16730.jpg
164.86328125	0.0	stim_test	16731	42205	794	16731.jpg
165.0625	0.0	stim_test	16732	42256	795	16732.jpg
165.26171875	0.0	stim_test	16733	42307	796	16733.jpg
165.4609375	0.0	stim_test	16734	42358	797	16734.jpg
165.6640625	0.0	stim_test	16735	42410	798	16735.jpg
165.86328125	0.0	stim_test	16736	42461	799	16736.jpg
166.0625	0.0	stim_test	16737	42512	800	16737.jpg
167.38671875	0.0	behav	3	42851	801	n/a
167.75	0.0	stim_test	16738	42944	802	16738.jpg
167.94921875	0.0	stim_test	16739	42995	803	16739.jpg
168.1484375	0.0	stim_test	16540	43046	804	16540.jpg
168.34765625	0.0	stim_test	16541	43097	805	16541.jpg
168.55078125	0.0	oddball	16747	43149	806	16747.jpg
168.75	0.0	stim_test	16542	43200	807	16542.jpg
168.94921875	0.0	stim_test	16543	43251	808	16543.jpg
169.1484375	0.0	stim_test	16544	43302	809	16544.jpg
169.3515625	0.0	stim_test	16545	43354	810	16545.jpg
169.55078125	0.0	stim_test	16546	43405	811	16546.jpg
169.75	0.0	stim_test	16547	43456	812	16547.jpg
169.94921875	0.0	stim_test	16548	43507	813	16548.jpg
170.15234375	0.0	stim_test	16549	43559	814	16549.jpg
170.3515625	0.0	stim_test	16550	43610	815	16550.jpg
170.55078125	0.0	stim_test	16551	43661	816	16551.jpg
170.75	0.0	stim_test	16552	43712	817	16552.jpg
170.953125	0.0	stim_test	16553	43764	818	16553.jpg
171.15234375	0.0	stim_test	16554	43815	819	16554.jpg
171.3515625	0.0	stim_test	16555	43866	820	16555.jpg
171.5546875	0.0	stim_test	16556	43918	821	16556.jpg
172.80859375	0.0	behav	2	44239	822	n/a
173.171875	0.0	stim_test	16557	44332	823	16557.jpg
173.37109375	0.0	stim_test	16558	44383	824	16558.jpg
173.5703125	0.0	stim_test	16559	44434	825	16559.jpg
173.7734375	0.0	stim_test	16560	44486	826	16560.jpg
173.97265625	0.0	stim_test	16561	44537	827	16561.jpg
174.171875	0.0	stim_test	16562	44588	828	16562.jpg
174.37109375	0.0	stim_test	16563	44639	829	16563.jpg
174.57421875	0.0	stim_test	16564	44691	830	16564.jpg
174.7734375	0.0	stim_test	16565	44742	831	16565.jpg
174.97265625	0.0	stim_test	16566	44793	832	16566.jpg
175.17578125	0.0	stim_test	16567	44845	833	16567.jpg
175.375	0.0	stim_test	16568	44896	834	16568.jpg
175.57421875	0.0	stim_test	16569	44947	835	16569.jpg
175.7734375	0.0	stim_test	16570	44998	836	16570.jpg
175.97265625	0.0	stim_test	16571	45049	837	16571.jpg
176.17578125	0.0	stim_test	16572	45101	838	16572.jpg
176.375	0.0	stim_test	16573	45152	839	16573.jpg
176.57421875	0.0	stim_test	16574	45203	840	16574.jpg
176.77734375	0.0	stim_test	16575	45255	841	16575.jpg
176.9765625	0.0	stim_test	16576	45306	842	16576.jpg
178.234375	0.0	behav	3	45628	843	n/a
178.59375	0.0	stim_test	16577	45720	844	16577.jpg
178.79296875	0.0	stim_test	16578	45771	845	16578.jpg
178.99609375	0.0	stim_test	16579	45823	846	16579.jpg
179.1953125	0.0	stim_test	16580	45874	847	16580.jpg
179.39453125	0.0	stim_test	16581	45925	848	16581.jpg
179.59375	0.0	stim_test	16582	45976	849	16582.jpg
179.796875	0.0	stim_test	16583	46028	850	16583.jpg
179.99609375	0.0	stim_test	16584	46079	851	16584.jpg
180.1953125	0.0	stim_test	16585	46130	852	16585.jpg
180.39453125	0.0	stim_test	16586	46181	853	16586.jpg
180.59765625	0.0	stim_test	16587	46233	854	16587.jpg
180.796875	0.0	stim_test	16588	46284	855	16588.jpg
180.99609375	0.0	stim_test	16589	46335	856	16589.jpg
181.1953125	0.0	stim_test	16590	46386	857	16590.jpg
181.3984375	0.0	stim_test	16591	46438	858	16591.jpg
181.59765625	0.0	stim_test	16592	46489	859	16592.jpg
181.796875	0.0	stim_test	16593	46540	860	16593.jpg
181.99609375	0.0	stim_test	16594	46591	861	16594.jpg
182.19921875	0.0	stim_test	16595	46643	862	16595.jpg
182.3984375	0.0	stim_test	16596	46694	863	16596.jpg
183.72265625	0.0	behav	3	47033	864	n/a
184.08203125	0.0	stim_test	16597	47125	865	16597.jpg
184.28125	0.0	stim_test	16598	47176	866	16598.jpg
184.484375	0.0	stim_test	16599	47228	867	16599.jpg
184.68359375	0.0	stim_test	16600	47279	868	16600.jpg
184.8828125	0.0	stim_test	16601	47330	869	16601.jpg
185.0859375	0.0	stim_test	16602	47382	870	16602.jpg
185.28515625	0.0	stim_test	16603	47433	871	16603.jpg
185.484375	0.0	stim_test	16604	47484	872	16604.jpg
185.68359375	0.0	stim_test	16605	47535	873	16605.jpg
185.8828125	0.0	stim_test	16606	47586	874	16606.jpg
186.0859375	0.0	stim_test	16607	47638	875	16607.jpg
186.28515625	0.0	stim_test	16608	47689	876	16608.jpg
186.484375	0.0	stim_test	16609	47740	877	16609.jpg
186.68359375	0.0	stim_test	16610	47791	878	16610.jpg
186.88671875	0.0	stim_test	16611	47843	879	16611.jpg
187.0859375	0.0	stim_test	16612	47894	880	16612.jpg
187.28515625	0.0	stim_test	16613	47945	881	16613.jpg
187.48828125	0.0	stim_test	16614	47997	882	16614.jpg
187.6875	0.0	stim_test	16615	48048	883	16615.jpg
187.88671875	0.0	stim_test	16616	48099	884	16616.jpg
189.796875	0.0	behav	3	48588	885	n/a
190.15625	0.0	stim_test	16617	48680	886	16617.jpg
190.35546875	0.0	stim_test	16618	48731	887	16618.jpg
190.55859375	0.0	stim_test	16619	48783	888	16619.jpg
190.7578125	0.0	stim_test	16620	48834	889	16620.jpg
190.95703125	0.0	stim_test	16621	48885	890	16621.jpg
191.15625	0.0	stim_test	16622	48936	891	16622.jpg
191.359375	0.0	stim_test	16623	48988	892	16623.jpg
191.55859375	0.0	stim_test	16624	49039	893	16624.jpg
191.7578125	0.0	stim_test	16625	49090	894	16625.jpg
191.95703125	0.0	stim_test	16626	49141	895	16626.jpg
192.16015625	0.0	oddball	16742	49193	896	16742.jpg
192.359375	0.0	stim_test	16627	49244	897	16627.jpg
192.55859375	0.0	stim_test	16628	49295	898	16628.jpg
192.7578125	0.0	stim_test	16629	49346	899	16629.jpg
192.9609375	0.0	stim_test	16630	49398	900	16630.jpg
193.16015625	0.0	stim_test	16631	49449	901	16631.jpg
193.359375	0.0	stim_test	16632	49500	902	16632.jpg
193.55859375	0.0	stim_test	16633	49551	903	16633.jpg
193.76171875	0.0	stim_test	16634	49603	904	16634.jpg
193.9609375	0.0	stim_test	16635	49654	905	16635.jpg
195.3515625	0.0	behav	2	50010	906	n/a
195.70703125	0.0	stim_test	16636	50101	907	16636.jpg
195.91015625	0.0	stim_test	16637	50153	908	16637.jpg
196.109375	0.0	stim_test	16638	50204	909	16638.jpg
196.30859375	0.0	stim_test	16639	50255	910	16639.jpg
196.51171875	0.0	stim_test	16640	50307	911	16640.jpg
196.7109375	0.0	stim_test	16641	50358	912	16641.jpg
196.91015625	0.0	stim_test	16642	50409	913	16642.jpg
197.109375	0.0	stim_test	16643	50460	914	16643.jpg
197.3125	0.0	stim_test	16644	50512	915	16644.jpg
197.51171875	0.0	stim_test	16645	50563	916	16645.jpg
197.7109375	0.0	stim_test	16646	50614	917	16646.jpg
197.9140625	0.0	stim_test	16647	50666	918	16647.jpg
198.11328125	0.0	stim_test	16648	50717	919	16648.jpg
198.3125	0.0	stim_test	16649	50768	920	16649.jpg
198.51171875	0.0	stim_test	16650	50819	921	16650.jpg
198.7109375	0.0	stim_test	16651	50870	922	16651.jpg
198.9140625	0.0	stim_test	16652	50922	923	16652.jpg
199.11328125	0.0	stim_test	16653	50973	924	16653.jpg
199.3125	0.0	stim_test	16654	51024	925	16654.jpg
199.51171875	0.0	stim_test	16655	51075	926	16655.jpg
200.8203125	0.0	behav	3	51410	927	n/a
201.1640625	0.0	stim_test	16656	51498	928	16656.jpg
201.3671875	0.0	stim_test	16657	51550	929	16657.jpg
201.5625	0.0	stim_test	16658	51600	930	16658.jpg
201.76953125	0.0	stim_test	16659	51653	931	16659.jpg
201.96484375	0.0	stim_test	16660	51703	932	16660.jpg
202.16796875	0.0	stim_test	16661	51755	933	16661.jpg
202.3671875	0.0	stim_test	16662	51806	934	16662.jpg
202.5703125	0.0	stim_test	16663	51858	935	16663.jpg
202.76953125	0.0	stim_test	16664	51909	936	16664.jpg
202.96875	0.0	stim_test	16665	51960	937	16665.jpg
203.16796875	0.0	stim_test	16666	52011	938	16666.jpg
203.3671875	0.0	stim_test	16667	52062	939	16667.jpg
203.56640625	0.0	stim_test	16668	52113	940	16668.jpg
203.765625	0.0	stim_test	16669	52164	941	16669.jpg
203.96875	0.0	stim_test	16670	52216	942	16670.jpg
204.16796875	0.0	stim_test	16671	52267	943	16671.jpg
204.3671875	0.0	stim_test	16672	52318	944	16672.jpg
204.5703125	0.0	stim_test	16673	52370	945	16673.jpg
204.76953125	0.0	stim_test	16674	52421	946	16674.jpg
204.96875	0.0	stim_test	16675	52472	947	16675.jpg
206.37890625	0.0	behav	3	52833	948	n/a
206.73828125	0.0	stim_test	16676	52925	949	16676.jpg
206.9375	0.0	stim_test	16677	52976	950	16677.jpg
207.13671875	0.0	stim_test	16678	53027	951	16678.jpg
207.33984375	0.0	stim_test	16679	53079	952	16679.jpg
207.5390625	0.0	stim_test	16680	53130	953	16680.jpg
207.73828125	0.0	stim_test	16681	53181	954	16681.jpg
207.9375	0.0	stim_test	16682	53232	955	16682.jpg
208.140625	0.0	stim_test	16683	53284	956	16683.jpg
208.33984375	0.0	stim_test	16684	53335	957	16684.jpg
208.5390625	0.0	stim_test	16685	53386	958	16685.jpg
208.7421875	0.0	stim_test	16686	53438	959	16686.jpg
208.94140625	0.0	stim_test	16687	53489	960	16687.jpg
209.140625	0.0	stim_test	16688	53540	961	16688.jpg
209.33984375	0.0	stim_test	16689	53591	962	16689.jpg
209.5390625	0.0	stim_test	16690	53642	963	16690.jpg
209.7421875	0.0	stim_test	16691	53694	964	16691.jpg
209.94140625	0.0	stim_test	16692	53745	965	16692.jpg
210.140625	0.0	stim_test	16693	53796	966	16693.jpg
210.33984375	0.0	stim_test	16694	53847	967	16694.jpg
210.54296875	0.0	stim_test	16695	53899	968	16695.jpg
212.02734375	0.0	behav	3	54279	969	n/a
212.39453125	0.0	stim_test	16696	54373	970	16696.jpg
212.59375	0.0	stim_test	16697	54424	971	16697.jpg
212.79296875	0.0	stim_test	16698	54475	972	16698.jpg
212.9921875	0.0	stim_test	16699	54526	973	16699.jpg
213.1953125	0.0	stim_test	16700	54578	974	16700.jpg
213.39453125	0.0	stim_test	16701	54629	975	16701.jpg
213.59375	0.0	stim_test	16702	54680	976	16702.jpg
213.796875	0.0	stim_test	16703	54732	977	16703.jpg
213.99609375	0.0	stim_test	16704	54783	978	16704.jpg
214.1953125	0.0	stim_test	16705	54834	979	16705.jpg
214.39453125	0.0	stim_test	16706	54885	980	16706.jpg
214.59765625	0.0	stim_test	16707	54937	981	16707.jpg
214.796875	0.0	stim_test	16708	54988	982	16708.jpg
214.99609375	0.0	stim_test	16709	55039	983	16709.jpg
215.19921875	0.0	stim_test	16710	55091	984	16710.jpg
215.3984375	0.0	stim_test	16711	55142	985	16711.jpg
215.59765625	0.0	stim_test	16712	55193	986	16712.jpg
215.796875	0.0	stim_test	16713	55244	987	16713.jpg
216.0	0.0	stim_test	16714	55296	988	16714.jpg
216.19921875	0.0	stim_test	16715	55347	989	16715.jpg
217.5390625	0.0	behav	3	55690	990	n/a
217.8984375	0.0	stim_test	16716	55782	991	16716.jpg
218.1015625	0.0	stim_test	16717	55834	992	16717.jpg
218.30078125	0.0	stim_test	16718	55885	993	16718.jpg
218.5	0.0	stim_test	16719	55936	994	16719.jpg
218.703125	0.0	stim_test	16720	55988	995	16720.jpg
218.90234375	0.0	stim_test	16721	56039	996	16721.jpg
219.1015625	0.0	oddball	16748	56090	997	16748.jpg
219.30078125	0.0	stim_test	16722	56141	998	16722.jpg
219.5	0.0	stim_test	16723	56192	999	16723.jpg
219.703125	0.0	stim_test	16724	56244	1000	16724.jpg
219.90234375	0.0	stim_test	16725	56295	1001	16725.jpg
220.1015625	0.0	stim_test	16726	56346	1002	16726.jpg
220.3046875	0.0	stim_test	16727	56398	1003	16727.jpg
220.50390625	0.0	stim_test	16728	56449	1004	16728.jpg
220.703125	0.0	stim_test	16729	56500	1005	16729.jpg
220.90234375	0.0	stim_test	16730	56551	1006	16730.jpg
221.10546875	0.0	stim_test	16731	56603	1007	16731.jpg
221.3046875	0.0	stim_test	16732	56654	1008	16732.jpg
221.50390625	0.0	stim_test	16733	56705	1009	16733.jpg
221.703125	0.0	stim_test	16734	56756	1010	16734.jpg
223.0078125	0.0	behav	2	57090	1011	n/a
223.35546875	0.0	stim_test	16735	57179	1012	16735.jpg
223.5546875	0.0	stim_test	16736	57230	1013	16736.jpg
223.7578125	0.0	stim_test	16737	57282	1014	16737.jpg
223.95703125	0.0	stim_test	16738	57333	1015	16738.jpg
224.15625	0.0	stim_test	16739	57384	1016	16739.jpg
224.359375	0.0	stim_test	16540	57436	1017	16540.jpg
224.55859375	0.0	stim_test	16541	57487	1018	16541.jpg
224.7578125	0.0	stim_test	16542	57538	1019	16542.jpg
224.95703125	0.0	stim_test	16543	57589	1020	16543.jpg
225.16015625	0.0	stim_test	16544	57641	1021	16544.jpg
225.359375	0.0	oddball	16746	57692	1022	16746.jpg
225.55859375	0.0	stim_test	16545	57743	1023	16545.jpg
225.7578125	0.0	stim_test	16546	57794	1024	16546.jpg
225.9609375	0.0	stim_test	16547	57846	1025	16547.jpg
226.16015625	0.0	stim_test	16548	57897	1026	16548.jpg
226.359375	0.0	stim_test	16549	57948	1027	16549.jpg
226.55859375	0.0	stim_test	16550	57999	1028	16550.jpg
226.7578125	0.0	stim_test	16551	58050	1029	16551.jpg
226.9609375	0.0	stim_test	16552	58102	1030	16552.jpg
227.15625	0.0	stim_test	16553	58152	1031	16553.jpg
228.49609375	0.0	behav	2	58495	1032	n/a
228.859375	0.0	stim_test	16554	58588	1033	16554.jpg
229.05859375	0.0	stim_test	16555	58639	1034	16555.jpg
229.26171875	0.0	stim_test	16556	58691	1035	16556.jpg
229.4609375	0.0	stim_test	16557	58742	1036	16557.jpg
229.6640625	0.0	stim_test	16558	58794	1037	16558.jpg
229.859375	0.0	stim_test	16559	58844	1038	16559.jpg
230.05859375	0.0	stim_test	16560	58895	1039	16560.jpg
230.26171875	0.0	stim_test	16561	58947	1040	16561.jpg
230.4609375	0.0	stim_test	16562	58998	1041	16562.jpg
230.66015625	0.0	stim_test	16563	59049	1042	16563.jpg
230.859375	0.0	stim_test	16564	59100	1043	16564.jpg
231.0625	0.0	stim_test	16565	59152	1044	16565.jpg
231.26171875	0.0	stim_test	16566	59203	1045	16566.jpg
231.4609375	0.0	stim_test	16567	59254	1046	16567.jpg
231.66015625	0.0	stim_test	16568	59305	1047	16568.jpg
231.86328125	0.0	stim_test	16569	59357	1048	16569.jpg
232.0625	0.0	stim_test	16570	59408	1049	16570.jpg
232.26171875	0.0	stim_test	16571	59459	1050	16571.jpg
232.4609375	0.0	stim_test	16572	59510	1051	16572.jpg
232.6640625	0.0	stim_test	16573	59562	1052	16573.jpg
234.390625	0.0	behav	3	60004	1053	n/a
234.75	0.0	stim_test	16574	60096	1054	16574.jpg
234.94921875	0.0	stim_test	16575	60147	1055	16575.jpg
235.1484375	0.0	stim_test	16576	60198	1056	16576.jpg
235.34765625	0.0	stim_test	16577	60249	1057	16577.jpg
235.546875	0.0	stim_test	16578	60300	1058	16578.jpg
235.75	0.0	stim_test	16579	60352	1059	16579.jpg
235.94921875	0.0	stim_test	16580	60403	1060	16580.jpg
236.1484375	0.0	stim_test	16581	60454	1061	16581.jpg
236.3515625	0.0	stim_test	16582	60506	1062	16582.jpg
236.55078125	0.0	stim_test	16583	60557	1063	16583.jpg
236.75	0.0	stim_test	16584	60608	1064	16584.jpg
236.94921875	0.0	stim_test	16585	60659	1065	16585.jpg
237.15234375	0.0	stim_test	16586	60711	1066	16586.jpg
237.3515625	0.0	stim_test	16587	60762	1067	16587.jpg
237.55078125	0.0	stim_test	16588	60813	1068	16588.jpg
237.75	0.0	stim_test	16589	60864	1069	16589.jpg
237.953125	0.0	stim_test	16590	60916	1070	16590.jpg
238.15234375	0.0	stim_test	16591	60967	1071	16591.jpg
238.3515625	0.0	stim_test	16592	61018	101	16592.jpg
238.5546875	0.0	stim_test	16593	61070	102	16593.jpg
239.79296875	0.0	behav	3	61387	103	n/a
240.15234375	0.0	stim_test	16594	61479	104	16594.jpg
240.35546875	0.0	stim_test	16595	61531	105	16595.jpg
240.5546875	0.0	stim_test	16596	61582	106	16596.jpg
240.75390625	0.0	stim_test	16597	61633	107	16597.jpg
240.95703125	0.0	stim_test	16598	61685	108	16598.jpg
241.15625	0.0	stim_test	16599	61736	109	16599.jpg
241.35546875	0.0	stim_test	16600	61787	110	16600.jpg
241.5546875	0.0	stim_test	16601	61838	111	16601.jpg
241.75390625	0.0	stim_test	16602	61889	112	16602.jpg
241.95703125	0.0	stim_test	16603	61941	113	16603.jpg
242.15625	0.0	stim_test	16604	61992	114	16604.jpg
242.35546875	0.0	stim_test	16605	62043	115	16605.jpg
242.5546875	0.0	stim_test	16606	62094	116	16606.jpg
242.7578125	0.0	stim_test	16607	62146	117	16607.jpg
242.95703125	0.0	stim_test	16608	62197	118	16608.jpg
243.15625	0.0	stim_test	16609	62248	119	16609.jpg
243.359375	0.0	stim_test	16610	62300	120	16610.jpg
243.55859375	0.0	stim_test	16611	62351	121	16611.jpg
243.7578125	0.0	stim_test	16612	62402	122	16612.jpg
243.95703125	0.0	stim_test	16613	62453	123	16613.jpg
245.484375	0.0	behav	3	62844	124	n/a
245.84375	0.0	stim_test	16614	62936	125	16614.jpg
246.04296875	0.0	stim_test	16615	62987	126	16615.jpg
246.24609375	0.0	stim_test	16616	63039	127	16616.jpg
246.4453125	0.0	stim_test	16617	63090	128	16617.jpg
246.64453125	0.0	stim_test	16618	63141	129	16618.jpg
246.84375	0.0	stim_test	16619	63192	130	16619.jpg
247.046875	0.0	stim_test	16620	63244	131	16620.jpg
247.24609375	0.0	stim_test	16621	63295	132	16621.jpg
247.4453125	0.0	stim_test	16622	63346	133	16622.jpg
247.64453125	0.0	stim_test	16623	63397	134	16623.jpg
247.84765625	0.0	stim_test	16624	63449	135	16624.jpg
248.046875	0.0	stim_test	16625	63500	136	16625.jpg
248.24609375	0.0	stim_test	16626	63551	137	16626.jpg
248.4453125	0.0	stim_test	16627	63602	138	16627.jpg
248.6484375	0.0	stim_test	16628	63654	139	16628.jpg
248.84765625	0.0	stim_test	16629	63705	140	16629.jpg
249.046875	0.0	stim_test	16630	63756	141	16630.jpg
249.24609375	0.0	stim_test	16631	63807	142	16631.jpg
249.44921875	0.0	stim_test	16632	63859	143	16632.jpg
249.6484375	0.0	stim_test	16633	63910	144	16633.jpg
251.06640625	0.0	behav	3	64273	145	n/a
251.41796875	0.0	stim_test	16634	64363	146	16634.jpg
251.6171875	0.0	stim_test	16635	64414	147	16635.jpg
251.81640625	0.0	stim_test	16636	64465	148	16636.jpg
252.015625	0.0	stim_test	16637	64516	149	16637.jpg
252.21875	0.0	stim_test	16638	64568	150	16638.jpg
252.41796875	0.0	stim_test	16639	64619	151	16639.jpg
252.6171875	0.0	stim_test	16640	64670	152	16640.jpg
252.8203125	0.0	stim_test	16641	64722	153	16641.jpg
253.01953125	0.0	stim_test	16642	64773	154	16642.jpg
253.21875	0.0	stim_test	16643	64824	155	16643.jpg
253.41796875	0.0	stim_test	16644	64875	156	16644.jpg
253.6171875	0.0	stim_test	16645	64926	157	16645.jpg
253.8203125	0.0	stim_test	16646	64978	158	16646.jpg
254.01953125	0.0	stim_test	16647	65029	159	16647.jpg
254.21875	0.0	stim_test	16648	65080	160	16648.jpg
254.41796875	0.0	stim_test	16649	65131	161	16649.jpg
254.62109375	0.0	stim_test	16650	65183	162	16650.jpg
254.8203125	0.0	stim_test	16651	65234	163	16651.jpg
255.01953125	0.0	stim_test	16652	65285	164	16652.jpg
255.22265625	0.0	stim_test	16653	65337	165	16653.jpg
256.7578125	0.0	behav	3	65730	166	n/a
257.12109375	0.0	stim_test	16654	65823	167	16654.jpg
257.32421875	0.0	stim_test	16655	65875	168	16655.jpg
257.5234375	0.0	stim_test	16656	65926	169	16656.jpg
257.72265625	0.0	stim_test	16657	65977	170	16657.jpg
257.92578125	0.0	stim_test	16658	66029	171	16658.jpg
258.125	0.0	stim_test	16659	66080	172	16659.jpg
258.32421875	0.0	stim_test	16660	66131	173	16660.jpg
258.5234375	0.0	stim_test	16661	66182	174	16661.jpg
258.72265625	0.0	stim_test	16662	66233	175	16662.jpg
258.92578125	0.0	stim_test	16663	66285	176	16663.jpg
259.125	0.0	stim_test	16664	66336	177	16664.jpg
259.32421875	0.0	stim_test	16665	66387	178	16665.jpg
259.52734375	0.0	stim_test	16666	66439	179	16666.jpg
259.7265625	0.0	stim_test	16667	66490	180	16667.jpg
259.92578125	0.0	stim_test	16668	66541	181	16668.jpg
260.125	0.0	stim_test	16669	66592	182	16669.jpg
260.328125	0.0	stim_test	16670	66644	183	16670.jpg
260.52734375	0.0	stim_test	16671	66695	184	16671.jpg
260.7265625	0.0	stim_test	16672	66746	185	16672.jpg
260.92578125	0.0	stim_test	16673	66797	186	16673.jpg
262.33984375	0.0	behav	3	67159	187	n/a
262.6953125	0.0	stim_test	16674	67250	188	16674.jpg
262.89453125	0.0	stim_test	16675	67301	189	16675.jpg
263.09375	0.0	stim_test	16676	67352	190	16676.jpg
263.296875	0.0	stim_test	16677	67404	191	16677.jpg
263.49609375	0.0	stim_test	16678	67455	192	16678.jpg
263.69140625	0.0	stim_test	16679	67505	193	16679.jpg
263.89453125	0.0	stim_test	16680	67557	194	16680.jpg
264.09375	0.0	stim_test	16681	67608	195	16681.jpg
264.29296875	0.0	stim_test	16682	67659	196	16682.jpg
264.49609375	0.0	stim_test	16683	67711	197	16683.jpg
264.6953125	0.0	stim_test	16684	67762	198	16684.jpg
264.89453125	0.0	stim_test	16685	67813	199	16685.jpg
265.09375	0.0	stim_test	16686	67864	200	16686.jpg
265.296875	0.0	stim_test	16687	67916	201	16687.jpg
265.49609375	0.0	stim_test	16688	67967	202	16688.jpg
265.69921875	0.0	stim_test	16689	68019	203	16689.jpg
265.8984375	0.0	stim_test	16690	68070	204	16690.jpg
266.09765625	0.0	stim_test	16691	68121	205	16691.jpg
266.296875	0.0	stim_test	16692	68172	206	16692.jpg
266.49609375	0.0	stim_test	16693	68223	207	16693.jpg
267.9140625	0.0	behav	3	68586	208	n/a
268.28125	0.0	stim_test	16694	68680	209	16694.jpg
268.48046875	0.0	stim_test	16695	68731	210	16695.jpg
268.6796875	0.0	stim_test	16696	68782	211	16696.jpg
268.8828125	0.0	stim_test	16697	68834	212	16697.jpg
269.08203125	0.0	stim_test	16698	68885	213	16698.jpg
269.28125	0.0	stim_test	16699	68936	214	16699.jpg
269.484375	0.0	stim_test	16700	68988	215	16700.jpg
269.68359375	0.0	stim_test	16701	69039	216	16701.jpg
269.8828125	0.0	stim_test	16702	69090	217	16702.jpg
270.0859375	0.0	stim_test	16703	69142	218	16703.jpg
270.28515625	0.0	stim_test	16704	69193	219	16704.jpg
270.484375	0.0	stim_test	16705	69244	220	16705.jpg
270.68359375	0.0	stim_test	16706	69295	221	16706.jpg
270.8828125	0.0	stim_test	16707	69346	222	16707.jpg
271.0859375	0.0	stim_test	16708	69398	223	16708.jpg
271.28515625	0.0	stim_test	16709	69449	224	16709.jpg
271.484375	0.0	stim_test	16710	69500	225	16710.jpg
271.68359375	0.0	stim_test	16711	69551	226	16711.jpg
271.88671875	0.0	stim_test	16712	69603	227	16712.jpg
272.0859375	0.0	stim_test	16713	69654	228	16713.jpg
273.3828125	0.0	behav	3	69986	229	n/a
273.75390625	0.0	stim_test	16714	70081	230	16714.jpg
273.953125	0.0	stim_test	16715	70132	231	16715.jpg
274.15625	0.0	stim_test	16716	70184	232	16716.jpg
274.35546875	0.0	stim_test	16717	70235	233	16717.jpg
274.5546875	0.0	stim_test	16718	70286	234	16718.jpg
274.75390625	0.0	stim_test	16719	70337	235	16719.jpg
274.95703125	0.0	stim_test	16720	70389	236	16720.jpg
275.15625	0.0	stim_test	16721	70440	237	16721.jpg
275.35546875	0.0	stim_test	16722	70491	238	16722.jpg
275.5546875	0.0	stim_test	16723	70542	239	16723.jpg
275.7578125	0.0	stim_test	16724	70594	240	16724.jpg
275.95703125	0.0	stim_test	16725	70645	241	16725.jpg
276.15625	0.0	stim_test	16726	70696	242	16726.jpg
276.35546875	0.0	stim_test	16727	70747	243	16727.jpg
276.55859375	0.0	stim_test	16728	70799	244	16728.jpg
276.7578125	0.0	stim_test	16729	70850	245	16729.jpg
276.95703125	0.0	stim_test	16730	70901	246	16730.jpg
277.15625	0.0	stim_test	16731	70952	247	16731.jpg
277.359375	0.0	stim_test	16732	71004	248	16732.jpg
277.57421875	0.0	stim_test	16733	71059	249	16733.jpg
279.28125	0.0	behav	3	71496	250	n/a
279.64453125	0.0	stim_test	16734	71589	251	16734.jpg
279.84375	0.0	stim_test	16735	71640	252	16735.jpg
280.04296875	0.0	stim_test	16736	71691	253	16736.jpg
280.24609375	0.0	stim_test	16737	71743	254	16737.jpg
280.4453125	0.0	stim_test	16738	71794	255	16738.jpg
280.64453125	0.0	stim_test	16739	71845	256	16739.jpg
280.84375	0.0	stim_test	16540	71896	257	16540.jpg
281.046875	0.0	stim_test	16541	71948	258	16541.jpg
281.24609375	0.0	stim_test	16542	71999	259	16542.jpg
281.4453125	0.0	stim_test	16543	72050	260	16543.jpg
281.6484375	0.0	stim_test	16544	72102	261	16544.jpg
281.84765625	0.0	stim_test	16545	72153	262	16545.jpg
282.046875	0.0	stim_test	16546	72204	263	16546.jpg
282.24609375	0.0	stim_test	16547	72255	264	16547.jpg
282.44921875	0.0	stim_test	16548	72307	265	16548.jpg
282.6484375	0.0	stim_test	16549	72358	266	16549.jpg
282.84765625	0.0	stim_test	16550	72409	267	16550.jpg
283.046875	0.0	stim_test	16551	72460	268	16551.jpg
283.24609375	0.0	stim_test	16552	72511	269	16552.jpg
283.44921875	0.0	stim_test	16553	72563	270	16553.jpg
284.7265625	0.0	behav	3	72890	271	n/a
