onset	duration	trial_type	value	sample	stim_file
0.94921875	0.0	stim_test,16590,-1,1	1	243	16590.jpg
1.15234375	0.0	stim_test,16653,-1,2	2	295	16653.jpg
1.35546875	0.0	stim_test,16693,-1,3	3	347	16693.jpg
1.5390625	0.0	stim_test,16575,-1,4	4	394	16575.jpg
1.7421875	0.0	stim_test,16700,-1,5	5	446	16700.jpg
1.94921875	0.0	stim_test,16602,-1,6	6	499	16602.jpg
2.15234375	0.0	stim_test,16556,-1,7	7	551	16556.jpg
2.35546875	0.0	stim_test,16669,-1,8	8	603	16669.jpg
2.54296875	0.0	stim_test,16651,-1,9	9	651	16651.jpg
2.74609375	0.0	stim_test,16576,-1,10	10	703	16576.jpg
2.94921875	0.0	stim_test,16621,-1,11	11	755	16621.jpg
3.15234375	0.0	stim_test,16597,-1,12	12	807	16597.jpg
3.35546875	0.0	stim_test,16568,-1,13	13	859	16568.jpg
3.5390625	0.0	stim_test,16546,-1,14	14	906	16546.jpg
3.7421875	0.0	stim_test,16545,-1,15	15	958	16545.jpg
3.94921875	0.0	stim_test,16686,-1,16	16	1011	16686.jpg
4.15234375	0.0	stim_test,16564,-1,17	17	1063	16564.jpg
4.35546875	0.0	stim_test,16716,-1,18	18	1115	16716.jpg
4.55859375	0.0	stim_test,16647,-1,19	19	1167	16647.jpg
4.7421875	0.0	stim_test,16701,-1,20	20	1214	16701.jpg
5.90234375	0.0	behav,3,-1,21	21	1511	n/a
6.27734375	0.0	stim_test,16611,-1,22	22	1607	16611.jpg
6.46484375	0.0	stim_test,16548,-1,23	23	1655	16548.jpg
6.66796875	0.0	stim_test,16660,-1,24	24	1707	16660.jpg
6.87109375	0.0	stim_test,16623,-1,25	25	1759	16623.jpg
7.07421875	0.0	stim_test,16738,-1,26	26	1811	16738.jpg
7.27734375	0.0	stim_test,16673,-1,27	27	1863	16673.jpg
7.46484375	0.0	stim_test,16631,-1,28	28	1911	16631.jpg
7.66796875	0.0	stim_test,16661,-1,29	29	1963	16661.jpg
7.8671875	0.0	stim_test,16725,-1,30	30	2014	16725.jpg
8.07421875	0.0	stim_test,16637,-1,31	31	2067	16637.jpg
8.27734375	0.0	stim_test,16659,-1,32	32	2119	16659.jpg
8.46484375	0.0	stim_test,16717,-1,33	33	2167	16717.jpg
8.66796875	0.0	stim_test,16670,-1,34	34	2219	16670.jpg
8.87109375	0.0	stim_test,16665,-1,35	35	2271	16665.jpg
9.07421875	0.0	stim_test,16552,-1,36	36	2323	16552.jpg
9.27734375	0.0	stim_test,16668,-1,37	37	2375	16668.jpg
9.48046875	0.0	stim_test,16572,-1,38	38	2427	16572.jpg
9.66796875	0.0	stim_test,16639,-1,39	39	2475	16639.jpg
9.87109375	0.0	stim_test,16549,-1,40	40	2527	16549.jpg
10.07421875	0.0	stim_test,16705,-1,41	41	2579	16705.jpg
11.26953125	0.0	behav,3,-1,42	42	2885	n/a
11.63671875	0.0	stim_test,16582,-1,43	43	2979	16582.jpg
11.83984375	0.0	stim_test,16642,-1,44	44	3031	16642.jpg
12.04296875	0.0	stim_test,16544,-1,45	45	3083	16544.jpg
12.24609375	0.0	stim_test,16634,-1,46	46	3135	16634.jpg
12.44921875	0.0	stim_test,16708,-1,47	47	3187	16708.jpg
12.63671875	0.0	stim_test,16702,-1,48	48	3235	16702.jpg
12.83984375	0.0	stim_test,16620,-1,49	49	3287	16620.jpg
13.04296875	0.0	stim_test,16666,-1,50	50	3339	16666.jpg
13.24609375	0.0	stim_test,16674,-1,51	51	3391	16674.jpg
13.44921875	0.0	stim_test,16638,-1,52	52	3443	16638.jpg
13.63671875	0.0	stim_test,16553,-1,53	53	3491	16553.jpg
13.83984375	0.0	stim_test,16715,-1,54	54	3543	16715.jpg
14.04296875	0.0	stim_test,16724,-1,55	55	3595	16724.jpg
14.24609375	0.0	stim_test,16654,-1,56	56	3647	16654.jpg
14.44921875	0.0	stim_test,16728,-1,57	57	3699	16728.jpg
14.65234375	0.0	stim_test,16585,-1,58	58	3751	16585.jpg
14.83984375	0.0	stim_test,16607,-1,59	59	3799	16607.jpg
15.04296875	0.0	stim_test,16733,-1,60	60	3851	16733.jpg
15.24609375	0.0	stim_test,16711,-1,61	61	3903	16711.jpg
15.44921875	0.0	stim_test,16680,-1,62	62	3955	16680.jpg
16.56640625	0.0	behav,3,-1,63	63	4241	n/a
16.90234375	0.0	stim_test,16710,-1,64	64	4327	16710.jpg
17.08984375	0.0	stim_test,16732,-1,65	65	4375	16732.jpg
17.29296875	0.0	stim_test,16692,-1,66	66	4427	16692.jpg
17.49609375	0.0	stim_test,16604,-1,67	67	4479	16604.jpg
17.69921875	0.0	stim_test,16543,-1,68	68	4531	16543.jpg
17.8984375	0.0	stim_test,16722,-1,69	69	4582	16722.jpg
18.0859375	0.0	stim_test,16569,-1,70	70	4630	16569.jpg
18.2890625	0.0	stim_test,16671,-1,71	71	4682	16671.jpg
18.4921875	0.0	stim_test,16718,-1,72	72	4734	16718.jpg
18.6953125	0.0	stim_test,16706,-1,73	73	4786	16706.jpg
18.8984375	0.0	stim_test,16614,-1,74	74	4838	16614.jpg
19.1015625	0.0	stim_test,16622,-1,75	75	4890	16622.jpg
19.2890625	0.0	stim_test,16657,-1,76	76	4938	16657.jpg
19.4921875	0.0	stim_test,16600,-1,77	77	4990	16600.jpg
19.69921875	0.0	stim_test,16655,-1,78	78	5043	16655.jpg
19.8984375	0.0	stim_test,16592,-1,79	79	5094	16592.jpg
20.10546875	0.0	stim_test,16594,-1,80	80	5147	16594.jpg
20.29296875	0.0	stim_test,16599,-1,81	81	5195	16599.jpg
20.4921875	0.0	stim_test,16730,-1,82	82	5246	16730.jpg
20.6953125	0.0	stim_test,16596,-1,83	83	5298	16596.jpg
21.67578125	0.0	behav,3,-1,84	84	5549	n/a
22.0078125	0.0	stim_test,16713,-1,85	85	5634	16713.jpg
22.2109375	0.0	stim_test,16644,-1,86	86	5686	16644.jpg
22.4140625	0.0	stim_test,16729,-1,87	87	5738	16729.jpg
22.6171875	0.0	stim_test,16609,-1,88	88	5790	16609.jpg
22.8203125	0.0	stim_test,16550,-1,89	89	5842	16550.jpg
23.0234375	0.0	stim_test,16581,-1,90	90	5894	16581.jpg
23.2109375	0.0	stim_test,16547,-1,91	91	5942	16547.jpg
23.4140625	0.0	stim_test,16591,-1,92	92	5994	16591.jpg
23.6171875	0.0	stim_test,16698,-1,93	93	6046	16698.jpg
23.8203125	0.0	stim_test,16598,-1,94	94	6098	16598.jpg
24.0234375	0.0	stim_test,16618,-1,95	95	6150	16618.jpg
24.2109375	0.0	stim_test,16678,-1,96	96	6198	16678.jpg
24.4140625	0.0	stim_test,16736,-1,97	97	6250	16736.jpg
24.6171875	0.0	stim_test,16610,-1,98	98	6302	16610.jpg
24.8203125	0.0	stim_test,16739,-1,99	99	6354	16739.jpg
25.0234375	0.0	stim_test,16709,-1,100	100	6406	16709.jpg
25.2109375	0.0	stim_test,16731,-1,272	101	6454	16731.jpg
25.4140625	0.0	stim_test,16662,-1,273	102	6506	16662.jpg
25.6171875	0.0	stim_test,16640,-1,274	103	6558	16640.jpg
25.8203125	0.0	stim_test,16645,-1,275	104	6610	16645.jpg
26.98046875	0.0	behav,3,-1,276	105	6907	n/a
27.3359375	0.0	stim_test,16577,-1,277	106	6998	16577.jpg
27.5390625	0.0	stim_test,16683,-1,278	107	7050	16683.jpg
27.7421875	0.0	stim_test,16682,-1,279	108	7102	16682.jpg
27.9453125	0.0	stim_test,16562,-1,280	109	7154	16562.jpg
28.1328125	0.0	stim_test,16696,-1,281	110	7202	16696.jpg
28.3359375	0.0	stim_test,16626,-1,282	111	7254	16626.jpg
28.5390625	0.0	stim_test,16601,-1,283	112	7306	16601.jpg
28.7421875	0.0	stim_test,16721,-1,284	113	7358	16721.jpg
28.9453125	0.0	stim_test,16625,-1,285	114	7410	16625.jpg
29.1328125	0.0	stim_test,16558,-1,286	115	7458	16558.jpg
29.3359375	0.0	stim_test,16555,-1,287	116	7510	16555.jpg
29.5390625	0.0	stim_test,16649,-1,288	117	7562	16649.jpg
29.7421875	0.0	stim_test,16617,-1,289	118	7614	16617.jpg
29.9453125	0.0	stim_test,16612,-1,290	119	7666	16612.jpg
30.13671875	0.0	stim_test,16587,-1,291	120	7715	16587.jpg
30.33984375	0.0	stim_test,16646,-1,292	121	7767	16646.jpg
30.54296875	0.0	stim_test,16608,-1,293	122	7819	16608.jpg
30.74609375	0.0	stim_test,16583,-1,294	123	7871	16583.jpg
30.94921875	0.0	stim_test,16627,-1,295	124	7923	16627.jpg
31.15234375	0.0	stim_test,16695,-1,296	125	7975	16695.jpg
32.21484375	0.0	behav,3,-1,297	126	8247	n/a
32.5546875	0.0	stim_test,16643,-1,298	127	8334	16643.jpg
32.7578125	0.0	stim_test,16635,-1,299	128	8386	16635.jpg
32.9609375	0.0	stim_test,16633,-1,300	129	8438	16633.jpg
33.1640625	0.0	stim_test,16672,-1,301	130	8490	16672.jpg
33.3671875	0.0	stim_test,16605,-1,302	131	8542	16605.jpg
33.5546875	0.0	stim_test,16687,-1,303	132	8590	16687.jpg
33.7578125	0.0	stim_test,16676,-1,304	133	8642	16676.jpg
33.9609375	0.0	stim_test,16593,-1,305	134	8694	16593.jpg
34.1640625	0.0	stim_test,16664,-1,306	135	8746	16664.jpg
34.3671875	0.0	stim_test,16667,-1,307	136	8798	16667.jpg
34.5546875	0.0	stim_test,16685,-1,308	137	8846	16685.jpg
34.7578125	0.0	stim_test,16606,-1,309	138	8898	16606.jpg
34.9609375	0.0	stim_test,16565,-1,310	139	8950	16565.jpg
35.1640625	0.0	stim_test,16619,-1,311	140	9002	16619.jpg
35.3671875	0.0	stim_test,16573,-1,312	141	9054	16573.jpg
35.5546875	0.0	stim_test,16688,-1,313	142	9102	16688.jpg
35.7578125	0.0	stim_test,16737,-1,314	143	9154	16737.jpg
35.9609375	0.0	stim_test,16574,-1,315	144	9206	16574.jpg
36.1640625	0.0	stim_test,16719,-1,316	145	9258	16719.jpg
36.3671875	0.0	stim_test,16542,-1,317	146	9310	16542.jpg
37.48046875	0.0	behav,3,-1,318	147	9595	n/a
37.8359375	0.0	stim_test,16690,-1,319	148	9686	16690.jpg
38.0234375	0.0	stim_test,16684,-1,320	149	9734	16684.jpg
38.23046875	0.0	stim_test,16578,-1,321	150	9787	16578.jpg
38.43359375	0.0	stim_test,16677,-1,322	151	9839	16677.jpg
38.63671875	0.0	stim_test,16563,-1,323	152	9891	16563.jpg
38.83984375	0.0	stim_test,16628,-1,324	153	9943	16628.jpg
39.04296875	0.0	stim_test,16679,-1,325	154	9995	16679.jpg
39.2265625	0.0	stim_test,16652,-1,326	155	10042	16652.jpg
39.4296875	0.0	stim_test,16714,-1,327	156	10094	16714.jpg
39.63671875	0.0	stim_test,16636,-1,328	157	10147	16636.jpg
39.83984375	0.0	stim_test,16699,-1,329	158	10199	16699.jpg
40.04296875	0.0	stim_test,16658,-1,330	159	10251	16658.jpg
40.23046875	0.0	stim_test,16675,-1,331	160	10299	16675.jpg
40.43359375	0.0	stim_test,16616,-1,332	161	10351	16616.jpg
40.63671875	0.0	stim_test,16584,-1,333	162	10403	16584.jpg
40.83984375	0.0	stim_test,16663,-1,334	163	10455	16663.jpg
41.0390625	0.0	stim_test,16704,-1,335	164	10506	16704.jpg
41.23046875	0.0	stim_test,16615,-1,336	165	10555	16615.jpg
41.43359375	0.0	stim_test,16570,-1,337	166	10607	16570.jpg
41.63671875	0.0	stim_test,16691,-1,338	167	10659	16691.jpg
42.75390625	0.0	behav,3,-1,339	168	10945	n/a
43.1171875	0.0	stim_test,16579,-1,340	169	11038	16579.jpg
43.32421875	0.0	stim_test,16720,-1,341	170	11091	16720.jpg
43.52734375	0.0	stim_test,16656,-1,342	171	11143	16656.jpg
43.73046875	0.0	stim_test,16707,-1,343	172	11195	16707.jpg
43.9140625	0.0	stim_test,16559,-1,344	173	11242	16559.jpg
44.1171875	0.0	stim_test,16735,-1,345	174	11294	16735.jpg
44.32421875	0.0	stim_test,16567,-1,346	175	11347	16567.jpg
44.52734375	0.0	stim_test,16648,-1,347	176	11399	16648.jpg
44.73046875	0.0	stim_test,16624,-1,348	177	11451	16624.jpg
44.9140625	0.0	stim_test,16650,-1,349	178	11498	16650.jpg
45.1171875	0.0	stim_test,16697,-1,350	179	11550	16697.jpg
45.32421875	0.0	stim_test,16723,-1,351	180	11603	16723.jpg
45.52734375	0.0	stim_test,16551,-1,352	181	11655	16551.jpg
45.73046875	0.0	stim_test,16560,-1,353	182	11707	16560.jpg
45.9140625	0.0	stim_test,16571,-1,354	183	11754	16571.jpg
46.1171875	0.0	stim_test,16727,-1,355	184	11806	16727.jpg
46.32421875	0.0	stim_test,16603,-1,356	185	11859	16603.jpg
46.52734375	0.0	stim_test,16703,-1,357	186	11911	16703.jpg
46.73046875	0.0	stim_test,16613,-1,358	187	11963	16613.jpg
46.93359375	0.0	stim_test,16641,-1,359	188	12015	16641.jpg
47.90234375	0.0	behav,3,-1,360	189	12263	n/a
48.24609375	0.0	stim_test,16595,-1,361	190	12351	16595.jpg
48.44921875	0.0	stim_test,16566,-1,362	191	12403	16566.jpg
48.65234375	0.0	stim_test,16586,-1,363	192	12455	16586.jpg
48.83984375	0.0	stim_test,16561,-1,364	193	12503	16561.jpg
49.04296875	0.0	stim_test,16540,-1,365	194	12555	16540.jpg
49.24609375	0.0	stim_test,16588,-1,366	195	12607	16588.jpg
49.44921875	0.0	stim_test,16660,-1,367	196	12659	16660.jpg
49.65234375	0.0	stim_test,16739,-1,368	197	12711	16739.jpg
49.83984375	0.0	stim_test,16605,-1,369	198	12759	16605.jpg
50.04296875	0.0	stim_test,16657,-1,370	199	12811	16657.jpg
50.24609375	0.0	stim_test,16726,-1,371	200	12863	16726.jpg
50.44921875	0.0	stim_test,16685,-1,372	201	12915	16685.jpg
50.65234375	0.0	stim_test,16562,-1,373	202	12967	16562.jpg
50.85546875	0.0	stim_test,16564,-1,374	203	13019	16564.jpg
51.04296875	0.0	stim_test,16717,-1,375	204	13067	16717.jpg
51.24609375	0.0	stim_test,16619,-1,376	205	13119	16619.jpg
51.44921875	0.0	stim_test,16628,-1,377	206	13171	16628.jpg
51.65234375	0.0	stim_test,16722,-1,378	207	13223	16722.jpg
51.85546875	0.0	stim_test,16661,-1,379	208	13275	16661.jpg
52.04296875	0.0	stim_test,16700,-1,380	209	13323	16700.jpg
53.19140625	0.0	behav,3,-1,381	210	13617	n/a
53.54296875	0.0	stim_test,16588,-1,382	211	13707	16588.jpg
53.7421875	0.0	stim_test,16698,-1,383	212	13758	16698.jpg
53.94921875	0.0	stim_test,16600,-1,384	213	13811	16600.jpg
54.15234375	0.0	stim_test,16734,-1,385	214	13863	16734.jpg
54.35546875	0.0	stim_test,16646,-1,386	215	13915	16646.jpg
54.5390625	0.0	stim_test,16599,-1,387	216	13962	16599.jpg
54.7421875	0.0	stim_test,16547,-1,388	217	14014	16547.jpg
54.94921875	0.0	stim_test,16618,-1,389	218	14067	16618.jpg
55.15234375	0.0	stim_test,16541,-1,390	219	14119	16541.jpg
55.35546875	0.0	stim_test,16602,-1,391	220	14171	16602.jpg
55.55859375	0.0	stim_test,16694,-1,392	221	14223	16694.jpg
55.7421875	0.0	stim_test,16652,-1,393	222	14270	16652.jpg
55.94921875	0.0	stim_test,16589,-1,394	223	14323	16589.jpg
56.15234375	0.0	stim_test,16705,-1,395	224	14375	16705.jpg
56.35546875	0.0	stim_test,16733,-1,396	225	14427	16733.jpg
56.55859375	0.0	stim_test,16595,-1,397	226	14479	16595.jpg
56.74609375	0.0	stim_test,16627,-1,398	227	14527	16627.jpg
56.94921875	0.0	stim_test,16552,-1,399	228	14579	16552.jpg
57.15234375	0.0	stim_test,16601,-1,400	229	14631	16601.jpg
57.35546875	0.0	stim_test,16581,-1,401	230	14683	16581.jpg
58.4296875	0.0	behav,3,-1,402	231	14958	n/a
58.7890625	0.0	stim_test,16555,-1,403	232	15050	16555.jpg
58.9921875	0.0	stim_test,16732,-1,404	233	15102	16732.jpg
59.18359375	0.0	stim_test,16622,-1,405	234	15151	16622.jpg
59.3828125	0.0	stim_test,16550,-1,406	235	15202	16550.jpg
59.58984375	0.0	stim_test,16639,-1,407	236	15255	16639.jpg
59.7890625	0.0	stim_test,16557,-1,408	237	15306	16557.jpg
59.9921875	0.0	stim_test,16716,-1,409	238	15358	16716.jpg
60.18359375	0.0	stim_test,16707,-1,410	239	15407	16707.jpg
60.3828125	0.0	stim_test,16712,-1,411	240	15458	16712.jpg
60.5859375	0.0	stim_test,16714,-1,412	241	15510	16714.jpg
60.7890625	0.0	stim_test,16644,-1,413	242	15562	16644.jpg
60.9921875	0.0	stim_test,16664,-1,414	243	15614	16664.jpg
61.19921875	0.0	stim_test,16662,-1,415	244	15667	16662.jpg
61.3828125	0.0	stim_test,16617,-1,416	245	15714	16617.jpg
61.5859375	0.0	stim_test,16632,-1,417	246	15766	16632.jpg
61.7890625	0.0	stim_test,16635,-1,418	247	15818	16635.jpg
61.9921875	0.0	stim_test,16686,-1,419	248	15870	16686.jpg
62.1953125	0.0	stim_test,16703,-1,420	249	15922	16703.jpg
62.3828125	0.0	stim_test,16577,-1,421	250	15970	16577.jpg
62.5859375	0.0	stim_test,16663,-1,422	251	16022	16663.jpg
63.7109375	0.0	behav,3,-1,423	252	16310	n/a
64.0546875	0.0	stim_test,16699,-1,424	253	16398	16699.jpg
64.2578125	0.0	stim_test,16548,-1,425	254	16450	16548.jpg
64.4609375	0.0	stim_test,16701,-1,426	255	16502	16701.jpg
64.6640625	0.0	stim_test,16736,-1,427	256	16554	16736.jpg
64.8515625	0.0	stim_test,16706,-1,428	257	16602	16706.jpg
65.0546875	0.0	stim_test,16730,-1,429	258	16654	16730.jpg
65.2578125	0.0	stim_test,16693,-1,430	259	16706	16693.jpg
65.4609375	0.0	stim_test,16556,-1,431	260	16758	16556.jpg
65.6640625	0.0	stim_test,16671,-1,432	261	16810	16671.jpg
65.8515625	0.0	stim_test,16659,-1,433	262	16858	16659.jpg
66.0546875	0.0	stim_test,16585,-1,434	263	16910	16585.jpg
66.2578125	0.0	stim_test,16709,-1,435	264	16962	16709.jpg
66.4609375	0.0	stim_test,16561,-1,436	265	17014	16561.jpg
66.6640625	0.0	stim_test,16573,-1,437	266	17066	16573.jpg
66.85546875	0.0	stim_test,16572,-1,438	267	17115	16572.jpg
67.05859375	0.0	stim_test,16713,-1,439	268	17167	16713.jpg
67.26171875	0.0	stim_test,16641,-1,440	269	17219	16641.jpg
67.46484375	0.0	stim_test,16667,-1,441	270	17271	16667.jpg
67.66796875	0.0	stim_test,16609,-1,442	271	17323	16609.jpg
67.87109375	0.0	stim_test,16591,-1,443	272	17375	16591.jpg
69.015625	0.0	behav,3,-1,444	273	17668	n/a
69.3828125	0.0	stim_test,16737,-1,445	274	17762	16737.jpg
69.5859375	0.0	stim_test,16558,-1,446	275	17814	16558.jpg
69.7734375	0.0	stim_test,16616,-1,447	276	17862	16616.jpg
69.9765625	0.0	stim_test,16724,-1,448	277	17914	16724.jpg
70.1796875	0.0	oddball,16740,-1,449	278	17966	16740.jpg
70.3828125	0.0	stim_test,16719,-1,450	279	18018	16719.jpg
70.5859375	0.0	stim_test,16655,-1,451	280	18070	16655.jpg
70.7734375	0.0	stim_test,16563,-1,452	281	18118	16563.jpg
70.9765625	0.0	stim_test,16688,-1,453	282	18170	16688.jpg
71.1796875	0.0	stim_test,16594,-1,454	283	18222	16594.jpg
71.3828125	0.0	stim_test,16738,-1,455	284	18274	16738.jpg
71.5859375	0.0	stim_test,16679,-1,456	285	18326	16679.jpg
71.7890625	0.0	stim_test,16629,-1,457	286	18378	16629.jpg
71.9765625	0.0	stim_test,16608,-1,458	287	18426	16608.jpg
72.1796875	0.0	stim_test,16590,-1,459	288	18478	16590.jpg
72.3828125	0.0	stim_test,16575,-1,460	289	18530	16575.jpg
72.5859375	0.0	stim_test,16735,-1,461	290	18582	16735.jpg
72.7890625	0.0	stim_test,16634,-1,462	291	18634	16634.jpg
72.98046875	0.0	stim_test,16697,-1,463	292	18683	16697.jpg
73.18359375	0.0	stim_test,16543,-1,464	293	18735	16543.jpg
74.34765625	0.0	behav,0,-1,465	294	19033	n/a
74.69921875	0.0	stim_test,16606,-1,466	295	19123	16606.jpg
74.90234375	0.0	stim_test,16566,-1,467	296	19175	16566.jpg
75.1015625	0.0	stim_test,16675,-1,468	297	19226	16675.jpg
75.3046875	0.0	stim_test,16690,-1,469	298	19278	16690.jpg
75.5078125	0.0	stim_test,16653,-1,470	299	19330	16653.jpg
75.69921875	0.0	stim_test,16649,-1,471	300	19379	16649.jpg
75.90234375	0.0	stim_test,16584,-1,472	301	19431	16584.jpg
76.10546875	0.0	stim_test,16603,-1,473	302	19483	16603.jpg
76.30859375	0.0	stim_test,16720,-1,474	303	19535	16720.jpg
76.5078125	0.0	stim_test,16666,-1,475	304	19586	16666.jpg
76.69921875	0.0	stim_test,16678,-1,476	305	19635	16678.jpg
76.90234375	0.0	stim_test,16708,-1,477	306	19687	16708.jpg
77.10546875	0.0	stim_test,16540,-1,478	307	19739	16540.jpg
77.30859375	0.0	stim_test,16702,-1,479	308	19791	16702.jpg
77.51171875	0.0	stim_test,16674,-1,480	309	19843	16674.jpg
77.71484375	0.0	stim_test,16567,-1,481	310	19895	16567.jpg
77.90234375	0.0	stim_test,16681,-1,482	311	19943	16681.jpg
78.10546875	0.0	stim_test,16545,-1,483	312	19995	16545.jpg
78.30859375	0.0	stim_test,16680,-1,484	313	20047	16680.jpg
78.51171875	0.0	stim_test,16637,-1,485	314	20099	16637.jpg
79.71875	0.0	behav,3,-1,486	315	20408	n/a
80.07421875	0.0	stim_test,16593,-1,487	316	20499	16593.jpg
80.27734375	0.0	stim_test,16647,-1,488	317	20551	16647.jpg
80.48046875	0.0	stim_test,16630,-1,489	318	20603	16630.jpg
80.68359375	0.0	stim_test,16596,-1,490	319	20655	16596.jpg
80.87109375	0.0	stim_test,16565,-1,491	320	20703	16565.jpg
81.07421875	0.0	stim_test,16586,-1,492	321	20755	16586.jpg
81.27734375	0.0	stim_test,16614,-1,493	322	20807	16614.jpg
81.48046875	0.0	stim_test,16571,-1,494	323	20859	16571.jpg
81.68359375	0.0	stim_test,16658,-1,495	324	20911	16658.jpg
81.87109375	0.0	stim_test,16673,-1,496	325	20959	16673.jpg
82.07421875	0.0	stim_test,16638,-1,497	326	21011	16638.jpg
82.27734375	0.0	stim_test,16580,-1,498	327	21063	16580.jpg
82.48046875	0.0	stim_test,16656,-1,499	328	21115	16656.jpg
82.68359375	0.0	stim_test,16696,-1,500	329	21167	16696.jpg
82.88671875	0.0	stim_test,16642,-1,501	330	21219	16642.jpg
83.07421875	0.0	stim_test,16576,-1,502	331	21267	16576.jpg
83.27734375	0.0	stim_test,16598,-1,503	332	21319	16598.jpg
83.48046875	0.0	stim_test,16631,-1,504	333	21371	16631.jpg
83.68359375	0.0	stim_test,16672,-1,505	334	21423	16672.jpg
83.88671875	0.0	stim_test,16721,-1,506	335	21475	16721.jpg
85.02734375	0.0	behav,3,-1,507	336	21767	n/a
85.40234375	0.0	stim_test,16718,-1,508	337	21863	16718.jpg
85.60546875	0.0	stim_test,16612,-1,509	338	21915	16612.jpg
85.79296875	0.0	stim_test,16554,-1,510	339	21963	16554.jpg
85.99609375	0.0	stim_test,16665,-1,511	340	22015	16665.jpg
86.19921875	0.0	stim_test,16689,-1,512	341	22067	16689.jpg
86.40234375	0.0	stim_test,16592,-1,513	342	22119	16592.jpg
86.60546875	0.0	stim_test,16715,-1,514	343	22171	16715.jpg
86.79296875	0.0	stim_test,16613,-1,515	344	22219	16613.jpg
86.99609375	0.0	stim_test,16574,-1,516	345	22271	16574.jpg
87.1953125	0.0	stim_test,16640,-1,517	346	22322	16640.jpg
87.3984375	0.0	stim_test,16553,-1,518	347	22374	16553.jpg
87.6015625	0.0	stim_test,16728,-1,519	348	22426	16728.jpg
87.79296875	0.0	stim_test,16683,-1,520	349	22475	16683.jpg
87.9921875	0.0	stim_test,16551,-1,521	350	22526	16551.jpg
88.1953125	0.0	stim_test,16695,-1,522	351	22578	16695.jpg
88.3984375	0.0	stim_test,16582,-1,523	352	22630	16582.jpg
88.6015625	0.0	stim_test,16729,-1,524	353	22682	16729.jpg
88.8046875	0.0	stim_test,16684,-1,525	354	22734	16684.jpg
88.9921875	0.0	stim_test,16723,-1,526	355	22782	16723.jpg
89.1953125	0.0	stim_test,16578,-1,527	356	22834	16578.jpg
90.3984375	0.0	behav,3,-1,528	357	23142	n/a
90.7734375	0.0	stim_test,16560,-1,529	358	23238	16560.jpg
90.9609375	0.0	stim_test,16645,-1,530	359	23286	16645.jpg
91.1640625	0.0	stim_test,16692,-1,531	360	23338	16692.jpg
91.3671875	0.0	stim_test,16620,-1,532	361	23390	16620.jpg
91.5703125	0.0	stim_test,16651,-1,533	362	23442	16651.jpg
91.7734375	0.0	stim_test,16570,-1,534	363	23494	16570.jpg
91.96484375	0.0	stim_test,16731,-1,535	364	23543	16731.jpg
92.16796875	0.0	stim_test,16568,-1,536	365	23595	16568.jpg
92.37109375	0.0	stim_test,16583,-1,537	366	23647	16583.jpg
92.5703125	0.0	stim_test,16682,-1,538	367	23698	16682.jpg
92.7734375	0.0	stim_test,16610,-1,539	368	23750	16610.jpg
92.9609375	0.0	stim_test,16711,-1,540	369	23798	16711.jpg
93.1640625	0.0	stim_test,16704,-1,541	370	23850	16704.jpg
93.3671875	0.0	stim_test,16633,-1,542	371	23902	16633.jpg
93.5703125	0.0	stim_test,16621,-1,543	372	23954	16621.jpg
93.7734375	0.0	stim_test,16648,-1,544	373	24006	16648.jpg
93.9765625	0.0	stim_test,16607,-1,545	374	24058	16607.jpg
94.1640625	0.0	stim_test,16676,-1,546	375	24106	16676.jpg
94.3671875	0.0	stim_test,16624,-1,547	376	24158	16624.jpg
94.5703125	0.0	stim_test,16643,-1,548	377	24210	16643.jpg
95.765625	0.0	behav,3,-1,549	378	24516	n/a
96.1015625	0.0	stim_test,16546,-1,550	379	24602	16546.jpg
96.3046875	0.0	stim_test,16625,-1,551	380	24654	16625.jpg
96.5078125	0.0	stim_test,16549,-1,552	381	24706	16549.jpg
96.7109375	0.0	stim_test,16542,-1,553	382	24758	16542.jpg
96.9140625	0.0	stim_test,16710,-1,554	383	24810	16710.jpg
97.1015625	0.0	stim_test,16604,-1,555	384	24858	16604.jpg
97.3046875	0.0	stim_test,16597,-1,556	385	24910	16597.jpg
97.5078125	0.0	stim_test,16615,-1,557	386	24962	16615.jpg
97.7109375	0.0	stim_test,16569,-1,558	387	25014	16569.jpg
97.9140625	0.0	stim_test,16654,-1,559	388	25066	16654.jpg
98.1015625	0.0	stim_test,16687,-1,560	389	25114	16687.jpg
98.3046875	0.0	stim_test,16626,-1,561	390	25166	16626.jpg
98.5078125	0.0	stim_test,16725,-1,562	391	25218	16725.jpg
98.7109375	0.0	stim_test,16727,-1,563	392	25270	16727.jpg
98.9140625	0.0	stim_test,16636,-1,564	393	25322	16636.jpg
99.1015625	0.0	stim_test,16544,-1,565	394	25370	16544.jpg
99.3046875	0.0	stim_test,16668,-1,566	395	25422	16668.jpg
99.5078125	0.0	stim_test,16669,-1,567	396	25474	16669.jpg
99.7109375	0.0	stim_test,16579,-1,568	397	25526	16579.jpg
99.9140625	0.0	stim_test,16559,-1,569	398	25578	16559.jpg
101.01953125	0.0	behav,3,-1,570	399	25861	n/a
101.3671875	0.0	stim_test,16677,-1,571	400	25950	16677.jpg
101.5546875	0.0	stim_test,16670,-1,572	401	25998	16670.jpg
101.7578125	0.0	stim_test,16611,-1,573	402	26050	16611.jpg
101.9609375	0.0	stim_test,16587,-1,574	403	26102	16587.jpg
102.1640625	0.0	stim_test,16623,-1,575	404	26154	16623.jpg
102.3671875	0.0	stim_test,16691,-1,576	405	26206	16691.jpg
102.5546875	0.0	stim_test,16650,-1,577	406	26254	16650.jpg
102.7578125	0.0	stim_test,16587,-1,578	407	26306	16587.jpg
102.9609375	0.0	stim_test,16659,-1,579	408	26358	16659.jpg
103.1640625	0.0	stim_test,16592,-1,580	409	26410	16592.jpg
103.3671875	0.0	stim_test,16586,-1,581	410	26462	16586.jpg
103.5703125	0.0	stim_test,16723,-1,582	411	26514	16723.jpg
103.7578125	0.0	stim_test,16692,-1,583	412	26562	16692.jpg
103.9609375	0.0	stim_test,16625,-1,584	413	26614	16625.jpg
104.1640625	0.0	stim_test,16663,-1,585	414	26666	16663.jpg
104.3671875	0.0	stim_test,16637,-1,586	415	26718	16637.jpg
104.5703125	0.0	stim_test,16550,-1,587	416	26770	16550.jpg
104.7578125	0.0	stim_test,16731,-1,588	417	26818	16731.jpg
104.9609375	0.0	stim_test,16620,-1,589	418	26870	16620.jpg
105.1640625	0.0	stim_test,16704,-1,590	419	26922	16704.jpg
106.3515625	0.0	behav,3,-1,591	420	27226	n/a
106.6953125	0.0	stim_test,16652,-1,592	421	27314	16652.jpg
106.8984375	0.0	stim_test,16629,-1,593	422	27366	16629.jpg
107.1015625	0.0	stim_test,16582,-1,594	423	27418	16582.jpg
107.3046875	0.0	stim_test,16669,-1,595	424	27470	16669.jpg
107.4921875	0.0	stim_test,16597,-1,596	425	27518	16597.jpg
107.6953125	0.0	stim_test,16567,-1,597	426	27570	16567.jpg
107.8984375	0.0	stim_test,16610,-1,598	427	27622	16610.jpg
108.10546875	0.0	stim_test,16698,-1,599	428	27675	16698.jpg
108.30859375	0.0	stim_test,16614,-1,600	429	27727	16614.jpg
108.51171875	0.0	stim_test,16697,-1,601	430	27779	16697.jpg
108.69921875	0.0	stim_test,16665,-1,602	431	27827	16665.jpg
108.90234375	0.0	stim_test,16696,-1,603	432	27879	16696.jpg
109.10546875	0.0	stim_test,16576,-1,604	433	27931	16576.jpg
109.30859375	0.0	stim_test,16638,-1,605	434	27983	16638.jpg
109.5078125	0.0	stim_test,16685,-1,606	435	28034	16685.jpg
109.69921875	0.0	stim_test,16694,-1,607	436	28083	16694.jpg
109.8984375	0.0	stim_test,16628,-1,608	437	28134	16628.jpg
110.1015625	0.0	stim_test,16643,-1,609	438	28186	16643.jpg
110.3046875	0.0	stim_test,16678,-1,610	439	28238	16678.jpg
110.51171875	0.0	stim_test,16693,-1,611	440	28291	16693.jpg
111.546875	0.0	behav,3,-1,612	441	28556	n/a
111.90234375	0.0	stim_test,16722,-1,613	442	28647	16722.jpg
112.10546875	0.0	stim_test,16564,-1,614	443	28699	16564.jpg
112.30859375	0.0	stim_test,16646,-1,615	444	28751	16646.jpg
112.51171875	0.0	stim_test,16655,-1,616	445	28803	16655.jpg
112.71484375	0.0	stim_test,16650,-1,617	446	28855	16650.jpg
112.90234375	0.0	stim_test,16710,-1,618	447	28903	16710.jpg
113.10546875	0.0	stim_test,16683,-1,619	448	28955	16683.jpg
113.30859375	0.0	stim_test,16716,-1,620	449	29007	16716.jpg
113.51171875	0.0	stim_test,16599,-1,621	450	29059	16599.jpg
113.71484375	0.0	stim_test,16662,-1,622	451	29111	16662.jpg
113.90234375	0.0	stim_test,16653,-1,623	452	29159	16653.jpg
114.10546875	0.0	stim_test,16603,-1,624	453	29211	16603.jpg
114.30859375	0.0	stim_test,16707,-1,625	454	29263	16707.jpg
114.51171875	0.0	stim_test,16675,-1,626	455	29315	16675.jpg
114.71484375	0.0	stim_test,16602,-1,627	456	29367	16602.jpg
114.91796875	0.0	stim_test,16656,-1,628	457	29419	16656.jpg
115.10546875	0.0	stim_test,16598,-1,629	458	29467	16598.jpg
115.30859375	0.0	stim_test,16621,-1,630	459	29519	16621.jpg
115.51171875	0.0	stim_test,16573,-1,631	460	29571	16573.jpg
115.71484375	0.0	stim_test,16609,-1,632	461	29623	16609.jpg
116.7734375	0.0	behav,3,-1,633	462	29894	n/a
117.16796875	0.0	stim_test,16677,-1,634	463	29995	16677.jpg
117.37109375	0.0	stim_test,16619,-1,635	464	30047	16619.jpg
117.55859375	0.0	stim_test,16657,-1,636	465	30095	16657.jpg
117.76171875	0.0	stim_test,16617,-1,637	466	30147	16617.jpg
117.96484375	0.0	stim_test,16726,-1,638	467	30199	16726.jpg
118.16796875	0.0	stim_test,16651,-1,639	468	30251	16651.jpg
118.37109375	0.0	stim_test,16606,-1,640	469	30303	16606.jpg
118.55859375	0.0	stim_test,16666,-1,641	470	30351	16666.jpg
118.76171875	0.0	stim_test,16684,-1,642	471	30403	16684.jpg
118.96484375	0.0	stim_test,16541,-1,643	472	30455	16541.jpg
119.16796875	0.0	stim_test,16579,-1,644	473	30507	16579.jpg
119.37109375	0.0	stim_test,16688,-1,645	474	30559	16688.jpg
119.55859375	0.0	stim_test,16570,-1,646	475	30607	16570.jpg
119.76171875	0.0	oddball,16742,-1,647	476	30659	16742.jpg
119.96484375	0.0	stim_test,16615,-1,648	477	30711	16615.jpg
120.16796875	0.0	stim_test,16575,-1,649	478	30763	16575.jpg
120.37109375	0.0	stim_test,16604,-1,650	479	30815	16604.jpg
120.57421875	0.0	stim_test,16720,-1,651	480	30867	16720.jpg
120.76171875	0.0	stim_test,16565,-1,652	481	30915	16565.jpg
120.96484375	0.0	stim_test,16737,-1,653	482	30967	16737.jpg
122.0234375	0.0	behav,0,-1,654	483	31238	n/a
122.35546875	0.0	stim_test,16648,-1,655	484	31323	16648.jpg
122.55859375	0.0	stim_test,16544,-1,656	485	31375	16544.jpg
122.74609375	0.0	stim_test,16616,-1,657	486	31423	16616.jpg
122.94921875	0.0	stim_test,16687,-1,658	487	31475	16687.jpg
123.15234375	0.0	stim_test,16734,-1,659	488	31527	16734.jpg
123.35546875	0.0	stim_test,16556,-1,660	489	31579	16556.jpg
123.55859375	0.0	stim_test,16571,-1,661	490	31631	16571.jpg
123.74609375	0.0	stim_test,16613,-1,662	491	31679	16613.jpg
123.94921875	0.0	stim_test,16667,-1,663	492	31731	16667.jpg
124.15234375	0.0	stim_test,16682,-1,664	493	31783	16682.jpg
124.35546875	0.0	stim_test,16701,-1,665	494	31835	16701.jpg
124.55859375	0.0	stim_test,16561,-1,666	495	31887	16561.jpg
124.76171875	0.0	stim_test,16738,-1,667	496	31939	16738.jpg
124.94921875	0.0	stim_test,16622,-1,668	497	31987	16622.jpg
125.15234375	0.0	stim_test,16649,-1,669	498	32039	16649.jpg
125.35546875	0.0	stim_test,16654,-1,670	499	32091	16654.jpg
125.55859375	0.0	stim_test,16611,-1,671	500	32143	16611.jpg
125.76171875	0.0	stim_test,16546,-1,672	501	32195	16546.jpg
125.94921875	0.0	stim_test,16641,-1,673	502	32243	16641.jpg
126.15234375	0.0	stim_test,16553,-1,674	503	32295	16553.jpg
127.234375	0.0	behav,3,-1,675	504	32572	n/a
127.5859375	0.0	stim_test,16605,-1,676	505	32662	16605.jpg
127.7890625	0.0	stim_test,16618,-1,677	506	32714	16618.jpg
127.9921875	0.0	stim_test,16712,-1,678	507	32766	16712.jpg
128.1796875	0.0	stim_test,16728,-1,679	508	32814	16728.jpg
128.3828125	0.0	stim_test,16572,-1,680	509	32866	16572.jpg
128.5859375	0.0	stim_test,16545,-1,681	510	32918	16545.jpg
128.7890625	0.0	stim_test,16633,-1,682	511	32970	16633.jpg
128.9921875	0.0	stim_test,16680,-1,683	512	33022	16680.jpg
129.1953125	0.0	stim_test,16674,-1,684	513	33074	16674.jpg
129.3828125	0.0	stim_test,16642,-1,685	514	33122	16642.jpg
129.5859375	0.0	stim_test,16607,-1,686	515	33174	16607.jpg
129.7890625	0.0	stim_test,16569,-1,687	516	33226	16569.jpg
129.9921875	0.0	stim_test,16542,-1,688	517	33278	16542.jpg
130.1953125	0.0	stim_test,16732,-1,689	518	33330	16732.jpg
130.3828125	0.0	stim_test,16584,-1,690	519	33378	16584.jpg
130.5859375	0.0	stim_test,16733,-1,691	520	33430	16733.jpg
130.7890625	0.0	stim_test,16543,-1,692	521	33482	16543.jpg
130.9921875	0.0	stim_test,16557,-1,693	522	33534	16557.jpg
131.1953125	0.0	stim_test,16578,-1,694	523	33586	16578.jpg
131.3828125	0.0	stim_test,16594,-1,695	524	33634	16594.jpg
132.58203125	0.0	behav,3,-1,696	525	33941	n/a
132.9296875	0.0	stim_test,16627,-1,697	526	34030	16627.jpg
133.1328125	0.0	stim_test,16566,-1,698	527	34082	16566.jpg
133.3203125	0.0	stim_test,16585,-1,699	528	34130	16585.jpg
133.5234375	0.0	stim_test,16739,-1,700	529	34182	16739.jpg
133.7265625	0.0	stim_test,16673,-1,701	530	34234	16673.jpg
133.9296875	0.0	stim_test,16708,-1,702	531	34286	16708.jpg
134.1328125	0.0	stim_test,16624,-1,703	532	34338	16624.jpg
134.3203125	0.0	stim_test,16590,-1,704	533	34386	16590.jpg
134.5234375	0.0	stim_test,16645,-1,705	534	34438	16645.jpg
134.7265625	0.0	stim_test,16735,-1,706	535	34490	16735.jpg
134.9296875	0.0	stim_test,16713,-1,707	536	34542	16713.jpg
135.1328125	0.0	stim_test,16547,-1,708	537	34594	16547.jpg
135.3203125	0.0	stim_test,16623,-1,709	538	34642	16623.jpg
135.5234375	0.0	stim_test,16588,-1,710	539	34694	16588.jpg
135.7265625	0.0	stim_test,16664,-1,711	540	34746	16664.jpg
135.9296875	0.0	stim_test,16711,-1,712	541	34798	16711.jpg
136.1328125	0.0	stim_test,16639,-1,713	542	34850	16639.jpg
136.3359375	0.0	stim_test,16558,-1,714	543	34902	16558.jpg
136.5234375	0.0	stim_test,16636,-1,715	544	34950	16636.jpg
136.7265625	0.0	stim_test,16631,-1,716	545	35002	16631.jpg
137.9296875	0.0	behav,3,-1,717	546	35310	n/a
138.2578125	0.0	stim_test,16562,-1,718	547	35394	16562.jpg
138.4609375	0.0	stim_test,16699,-1,719	548	35446	16699.jpg
138.6640625	0.0	stim_test,16583,-1,720	549	35498	16583.jpg
138.8671875	0.0	stim_test,16555,-1,721	550	35550	16555.jpg
139.0703125	0.0	oddball,16744,-1,722	551	35602	16744.jpg
139.2578125	0.0	stim_test,16563,-1,723	552	35650	16563.jpg
139.4609375	0.0	stim_test,16577,-1,724	553	35702	16577.jpg
139.6640625	0.0	stim_test,16593,-1,725	554	35754	16593.jpg
139.8671875	0.0	stim_test,16589,-1,726	555	35806	16589.jpg
140.07421875	0.0	stim_test,16705,-1,727	556	35859	16705.jpg
140.27734375	0.0	stim_test,16718,-1,728	557	35911	16718.jpg
140.4609375	0.0	stim_test,16689,-1,729	558	35958	16689.jpg
140.6640625	0.0	stim_test,16668,-1,730	559	36010	16668.jpg
140.8671875	0.0	stim_test,16721,-1,731	560	36062	16721.jpg
141.07421875	0.0	stim_test,16717,-1,732	561	36115	16717.jpg
141.27734375	0.0	stim_test,16736,-1,733	562	36167	16736.jpg
141.4609375	0.0	stim_test,16644,-1,734	563	36214	16644.jpg
141.6640625	0.0	stim_test,16671,-1,735	564	36266	16671.jpg
141.8671875	0.0	stim_test,16640,-1,736	565	36318	16640.jpg
142.07421875	0.0	stim_test,16608,-1,737	566	36371	16608.jpg
143.23046875	0.0	behav,0,-1,738	567	36667	n/a
143.5859375	0.0	stim_test,16548,-1,739	568	36758	16548.jpg
143.7890625	0.0	stim_test,16719,-1,740	569	36810	16719.jpg
143.9921875	0.0	stim_test,16679,-1,741	570	36862	16679.jpg
144.1796875	0.0	stim_test,16632,-1,742	571	36910	16632.jpg
144.3828125	0.0	stim_test,16635,-1,743	572	36962	16635.jpg
144.5859375	0.0	stim_test,16560,-1,744	573	37014	16560.jpg
144.7890625	0.0	stim_test,16559,-1,745	574	37066	16559.jpg
144.9921875	0.0	stim_test,16580,-1,746	575	37118	16580.jpg
145.19921875	0.0	stim_test,16626,-1,747	576	37171	16626.jpg
145.3828125	0.0	stim_test,16729,-1,748	577	37218	16729.jpg
145.5859375	0.0	stim_test,16700,-1,749	578	37270	16700.jpg
145.7890625	0.0	stim_test,16600,-1,750	579	37322	16600.jpg
145.9921875	0.0	stim_test,16670,-1,751	580	37374	16670.jpg
146.19921875	0.0	stim_test,16691,-1,752	581	37427	16691.jpg
146.38671875	0.0	stim_test,16612,-1,753	582	37475	16612.jpg
146.58984375	0.0	stim_test,16714,-1,754	583	37527	16714.jpg
146.7890625	0.0	stim_test,16672,-1,755	584	37578	16672.jpg
146.9921875	0.0	stim_test,16661,-1,756	585	37630	16661.jpg
147.19921875	0.0	stim_test,16709,-1,757	586	37683	16709.jpg
147.3828125	0.0	stim_test,16703,-1,758	587	37730	16703.jpg
148.59765625	0.0	behav,3,-1,759	588	38041	n/a
148.96484375	0.0	stim_test,16591,-1,760	589	38135	16591.jpg
149.16796875	0.0	stim_test,16549,-1,761	590	38187	16549.jpg
149.35546875	0.0	stim_test,16730,-1,762	591	38235	16730.jpg
149.55859375	0.0	stim_test,16630,-1,763	592	38287	16630.jpg
149.76171875	0.0	stim_test,16681,-1,764	593	38339	16681.jpg
149.96484375	0.0	stim_test,16727,-1,765	594	38391	16727.jpg
150.16796875	0.0	stim_test,16552,-1,766	595	38443	16552.jpg
150.37109375	0.0	stim_test,16706,-1,767	596	38495	16706.jpg
150.55859375	0.0	stim_test,16596,-1,768	597	38543	16596.jpg
150.76171875	0.0	stim_test,16724,-1,769	598	38595	16724.jpg
150.96484375	0.0	stim_test,16690,-1,770	599	38647	16690.jpg
151.16796875	0.0	stim_test,16647,-1,771	600	38699	16647.jpg
151.37109375	0.0	stim_test,16581,-1,772	601	38751	16581.jpg
151.55859375	0.0	stim_test,16634,-1,773	602	38799	16634.jpg
151.76171875	0.0	stim_test,16715,-1,774	603	38851	16715.jpg
151.96484375	0.0	stim_test,16676,-1,775	604	38903	16676.jpg
152.16796875	0.0	stim_test,16540,-1,776	605	38955	16540.jpg
152.37109375	0.0	stim_test,16601,-1,777	606	39007	16601.jpg
152.55859375	0.0	stim_test,16554,-1,778	607	39055	16554.jpg
152.76171875	0.0	stim_test,16568,-1,779	608	39107	16568.jpg
153.91796875	0.0	behav,3,-1,780	609	39403	n/a
154.27734375	0.0	stim_test,16658,-1,781	610	39495	16658.jpg
154.48046875	0.0	stim_test,16725,-1,782	611	39547	16725.jpg
154.68359375	0.0	stim_test,16686,-1,783	612	39599	16686.jpg
154.88671875	0.0	stim_test,16574,-1,784	613	39651	16574.jpg
155.08984375	0.0	stim_test,16660,-1,785	614	39703	16660.jpg
155.27734375	0.0	stim_test,16595,-1,786	615	39751	16595.jpg
155.48046875	0.0	stim_test,16551,-1,787	616	39803	16551.jpg
155.68359375	0.0	stim_test,16695,-1,788	617	39855	16695.jpg
155.88671875	0.0	stim_test,16702,-1,789	618	39907	16702.jpg
156.08984375	0.0	stim_test,16652,-1,790	619	39959	16652.jpg
156.2890625	0.0	stim_test,16675,-1,791	620	40010	16675.jpg
156.48046875	0.0	stim_test,16724,-1,792	621	40059	16724.jpg
156.68359375	0.0	stim_test,16629,-1,793	622	40111	16629.jpg
156.88671875	0.0	stim_test,16643,-1,794	623	40163	16643.jpg
157.08984375	0.0	stim_test,16575,-1,795	624	40215	16575.jpg
157.2890625	0.0	stim_test,16565,-1,796	625	40266	16565.jpg
157.4765625	0.0	stim_test,16678,-1,797	626	40314	16678.jpg
157.68359375	0.0	stim_test,16685,-1,798	627	40367	16685.jpg
157.88671875	0.0	stim_test,16605,-1,799	628	40419	16605.jpg
158.08984375	0.0	stim_test,16700,-1,800	629	40471	16700.jpg
159.1171875	0.0	behav,3,-1,801	630	40734	n/a
159.4921875	0.0	stim_test,16723,-1,802	631	40830	16723.jpg
159.6796875	0.0	stim_test,16699,-1,803	632	40878	16699.jpg
159.8828125	0.0	stim_test,16655,-1,804	633	40930	16655.jpg
160.0859375	0.0	stim_test,16623,-1,805	634	40982	16623.jpg
160.2890625	0.0	stim_test,16638,-1,806	635	41034	16638.jpg
160.4921875	0.0	stim_test,16627,-1,807	636	41086	16627.jpg
160.68359375	0.0	stim_test,16585,-1,808	637	41135	16585.jpg
160.88671875	0.0	stim_test,16601,-1,809	638	41187	16601.jpg
161.0859375	0.0	stim_test,16541,-1,810	639	41238	16541.jpg
161.29296875	0.0	stim_test,16635,-1,811	640	41291	16635.jpg
161.4921875	0.0	stim_test,16665,-1,812	641	41342	16665.jpg
161.6796875	0.0	stim_test,16739,-1,813	642	41390	16739.jpg
161.8828125	0.0	stim_test,16553,-1,814	643	41442	16553.jpg
162.0859375	0.0	stim_test,16586,-1,815	644	41494	16586.jpg
162.29296875	0.0	stim_test,16738,-1,816	645	41547	16738.jpg
162.49609375	0.0	stim_test,16631,-1,817	646	41599	16631.jpg
162.69921875	0.0	stim_test,16691,-1,818	647	41651	16691.jpg
162.8828125	0.0	stim_test,16588,-1,819	648	41698	16588.jpg
163.0859375	0.0	stim_test,16593,-1,820	649	41750	16593.jpg
163.2890625	0.0	stim_test,16721,-1,821	650	41802	16721.jpg
164.4375	0.0	behav,3,-1,822	651	42096	n/a
164.7890625	0.0	stim_test,16551,-1,823	652	42186	16551.jpg
164.9921875	0.0	stim_test,16609,-1,824	653	42238	16609.jpg
165.1953125	0.0	stim_test,16669,-1,825	654	42290	16669.jpg
165.3984375	0.0	stim_test,16728,-1,826	655	42342	16728.jpg
165.5859375	0.0	stim_test,16540,-1,827	656	42390	16540.jpg
165.7890625	0.0	stim_test,16692,-1,828	657	42442	16692.jpg
165.9921875	0.0	stim_test,16731,-1,829	658	42494	16731.jpg
166.1953125	0.0	stim_test,16666,-1,830	659	42546	16666.jpg
166.3984375	0.0	stim_test,16686,-1,831	660	42598	16686.jpg
166.5859375	0.0	stim_test,16630,-1,832	661	42646	16630.jpg
166.7890625	0.0	stim_test,16663,-1,833	662	42698	16663.jpg
166.9921875	0.0	stim_test,16563,-1,834	663	42750	16563.jpg
167.1953125	0.0	stim_test,16713,-1,835	664	42802	16713.jpg
167.3984375	0.0	stim_test,16672,-1,836	665	42854	16672.jpg
167.5859375	0.0	stim_test,16647,-1,837	666	42902	16647.jpg
167.7890625	0.0	stim_test,16620,-1,838	667	42954	16620.jpg
167.9921875	0.0	stim_test,16569,-1,839	668	43006	16569.jpg
168.1953125	0.0	stim_test,16659,-1,840	669	43058	16659.jpg
168.3984375	0.0	stim_test,16584,-1,841	670	43110	16584.jpg
168.6015625	0.0	stim_test,16658,-1,842	671	43162	16658.jpg
169.68359375	0.0	behav,3,-1,843	672	43439	n/a
170.0390625	0.0	stim_test,16614,-1,844	673	43530	16614.jpg
170.2421875	0.0	stim_test,16703,-1,845	674	43582	16703.jpg
170.4453125	0.0	stim_test,16591,-1,846	675	43634	16591.jpg
170.6484375	0.0	stim_test,16559,-1,847	676	43686	16559.jpg
170.8515625	0.0	stim_test,16717,-1,848	677	43738	16717.jpg
171.0390625	0.0	stim_test,16722,-1,849	678	43786	16722.jpg
171.2421875	0.0	stim_test,16712,-1,850	679	43838	16712.jpg
171.4453125	0.0	stim_test,16673,-1,851	680	43890	16673.jpg
171.6484375	0.0	stim_test,16634,-1,852	681	43942	16634.jpg
171.8515625	0.0	stim_test,16612,-1,853	682	43994	16612.jpg
172.0546875	0.0	stim_test,16613,-1,854	683	44046	16613.jpg
172.2421875	0.0	stim_test,16571,-1,855	684	44094	16571.jpg
172.4453125	0.0	stim_test,16662,-1,856	685	44146	16662.jpg
172.6484375	0.0	stim_test,16626,-1,857	686	44198	16626.jpg
172.8515625	0.0	stim_test,16698,-1,858	687	44250	16698.jpg
173.0546875	0.0	stim_test,16561,-1,859	688	44302	16561.jpg
173.2421875	0.0	stim_test,16725,-1,860	689	44350	16725.jpg
173.4453125	0.0	stim_test,16604,-1,861	690	44402	16604.jpg
173.6484375	0.0	stim_test,16693,-1,862	691	44454	16693.jpg
173.8515625	0.0	stim_test,16582,-1,863	692	44506	16582.jpg
174.921875	0.0	behav,3,-1,864	693	44780	n/a
175.2890625	0.0	stim_test,16711,-1,865	694	44874	16711.jpg
175.4921875	0.0	stim_test,16648,-1,866	695	44926	16648.jpg
175.6796875	0.0	stim_test,16644,-1,867	696	44974	16644.jpg
175.8828125	0.0	stim_test,16650,-1,868	697	45026	16650.jpg
176.0859375	0.0	stim_test,16671,-1,869	698	45078	16671.jpg
176.2890625	0.0	stim_test,16590,-1,870	699	45130	16590.jpg
176.4921875	0.0	stim_test,16611,-1,871	700	45182	16611.jpg
176.6796875	0.0	stim_test,16579,-1,872	701	45230	16579.jpg
176.8828125	0.0	stim_test,16632,-1,873	702	45282	16632.jpg
177.0859375	0.0	stim_test,16734,-1,874	703	45334	16734.jpg
177.2890625	0.0	stim_test,16573,-1,875	704	45386	16573.jpg
177.4921875	0.0	stim_test,16556,-1,876	705	45438	16556.jpg
177.68359375	0.0	stim_test,16607,-1,877	706	45487	16607.jpg
177.88671875	0.0	stim_test,16544,-1,878	707	45539	16544.jpg
178.08984375	0.0	stim_test,16619,-1,879	708	45591	16619.jpg
178.2890625	0.0	stim_test,16616,-1,880	709	45642	16616.jpg
178.4921875	0.0	stim_test,16602,-1,881	710	45694	16602.jpg
178.6796875	0.0	stim_test,16676,-1,882	711	45742	16676.jpg
178.8828125	0.0	stim_test,16577,-1,883	712	45794	16577.jpg
179.0859375	0.0	stim_test,16730,-1,884	713	45846	16730.jpg
180.1171875	0.0	behav,3,-1,885	714	46110	n/a
180.48046875	0.0	stim_test,16633,-1,886	715	46203	16633.jpg
180.6796875	0.0	stim_test,16550,-1,887	716	46254	16550.jpg
180.8671875	0.0	stim_test,16641,-1,888	717	46302	16641.jpg
181.0703125	0.0	stim_test,16660,-1,889	718	46354	16660.jpg
181.2734375	0.0	stim_test,16656,-1,890	719	46406	16656.jpg
181.4765625	0.0	stim_test,16670,-1,891	720	46458	16670.jpg
181.6796875	0.0	stim_test,16727,-1,892	721	46510	16727.jpg
181.8671875	0.0	stim_test,16552,-1,893	722	46558	16552.jpg
182.07421875	0.0	stim_test,16617,-1,894	723	46611	16617.jpg
182.27734375	0.0	stim_test,16642,-1,895	724	46663	16642.jpg
182.48046875	0.0	stim_test,16720,-1,896	725	46715	16720.jpg
182.68359375	0.0	stim_test,16695,-1,897	726	46767	16695.jpg
182.88671875	0.0	stim_test,16667,-1,898	727	46819	16667.jpg
183.07421875	0.0	stim_test,16610,-1,899	728	46867	16610.jpg
183.27734375	0.0	stim_test,16733,-1,900	729	46919	16733.jpg
183.48046875	0.0	stim_test,16651,-1,901	730	46971	16651.jpg
183.68359375	0.0	stim_test,16726,-1,902	731	47023	16726.jpg
183.88671875	0.0	stim_test,16592,-1,903	732	47075	16592.jpg
184.07421875	0.0	stim_test,16566,-1,904	733	47123	16566.jpg
184.27734375	0.0	stim_test,16702,-1,905	734	47175	16702.jpg
185.5546875	0.0	behav,3,-1,906	735	47502	n/a
185.91796875	0.0	oddball,16745,-1,907	736	47595	16745.jpg
186.1171875	0.0	stim_test,16645,-1,908	737	47646	16645.jpg
186.30859375	0.0	stim_test,16682,-1,909	738	47695	16682.jpg
186.51171875	0.0	stim_test,16597,-1,910	739	47747	16597.jpg
186.71484375	0.0	stim_test,16694,-1,911	740	47799	16694.jpg
186.91796875	0.0	stim_test,16735,-1,912	741	47851	16735.jpg
187.12109375	0.0	stim_test,16708,-1,913	742	47903	16708.jpg
187.30859375	0.0	stim_test,16625,-1,914	743	47951	16625.jpg
187.51171875	0.0	stim_test,16649,-1,915	744	48003	16649.jpg
187.71484375	0.0	stim_test,16664,-1,916	745	48055	16664.jpg
187.91796875	0.0	stim_test,16718,-1,917	746	48107	16718.jpg
188.12109375	0.0	stim_test,16657,-1,918	747	48159	16657.jpg
188.32421875	0.0	stim_test,16690,-1,919	748	48211	16690.jpg
188.51171875	0.0	stim_test,16557,-1,920	749	48259	16557.jpg
188.71484375	0.0	stim_test,16681,-1,921	750	48311	16681.jpg
188.91796875	0.0	stim_test,16661,-1,922	751	48363	16661.jpg
189.12109375	0.0	stim_test,16677,-1,923	752	48415	16677.jpg
189.32421875	0.0	stim_test,16701,-1,924	753	48467	16701.jpg
189.51171875	0.0	stim_test,16572,-1,925	754	48515	16572.jpg
189.71484375	0.0	stim_test,16679,-1,926	755	48567	16679.jpg
190.73046875	0.0	behav,0,-1,927	756	48827	n/a
191.10546875	0.0	stim_test,16596,-1,928	757	48923	16596.jpg
191.30859375	0.0	stim_test,16608,-1,929	758	48975	16608.jpg
191.51171875	0.0	stim_test,16622,-1,930	759	49027	16622.jpg
191.69921875	0.0	stim_test,16578,-1,931	760	49075	16578.jpg
191.90234375	0.0	stim_test,16737,-1,932	761	49127	16737.jpg
192.10546875	0.0	stim_test,16558,-1,933	762	49179	16558.jpg
192.30859375	0.0	stim_test,16546,-1,934	763	49231	16546.jpg
192.51171875	0.0	stim_test,16564,-1,935	764	49283	16564.jpg
192.69921875	0.0	stim_test,16568,-1,936	765	49331	16568.jpg
192.90234375	0.0	stim_test,16549,-1,937	766	49383	16549.jpg
193.10546875	0.0	stim_test,16594,-1,938	767	49435	16594.jpg
193.30859375	0.0	stim_test,16595,-1,939	768	49487	16595.jpg
193.51171875	0.0	stim_test,16636,-1,940	769	49539	16636.jpg
193.69921875	0.0	stim_test,16598,-1,941	770	49587	16598.jpg
193.90234375	0.0	stim_test,16580,-1,942	771	49639	16580.jpg
194.10546875	0.0	stim_test,16587,-1,943	772	49691	16587.jpg
194.30859375	0.0	stim_test,16688,-1,944	773	49743	16688.jpg
194.51171875	0.0	stim_test,16719,-1,945	774	49795	16719.jpg
194.71484375	0.0	stim_test,16589,-1,946	775	49847	16589.jpg
194.90234375	0.0	stim_test,16542,-1,947	776	49895	16542.jpg
196.1015625	0.0	behav,3,-1,948	777	50202	n/a
196.4609375	0.0	stim_test,16562,-1,949	778	50294	16562.jpg
196.6484375	0.0	stim_test,16668,-1,950	779	50342	16668.jpg
196.8515625	0.0	stim_test,16705,-1,951	780	50394	16705.jpg
197.0546875	0.0	stim_test,16574,-1,952	781	50446	16574.jpg
197.2578125	0.0	stim_test,16653,-1,953	782	50498	16653.jpg
197.4609375	0.0	stim_test,16555,-1,954	783	50550	16555.jpg
197.6484375	0.0	stim_test,16576,-1,955	784	50598	16576.jpg
197.8515625	0.0	stim_test,16621,-1,956	785	50650	16621.jpg
198.05859375	0.0	stim_test,16600,-1,957	786	50703	16600.jpg
198.2578125	0.0	stim_test,16683,-1,958	787	50754	16683.jpg
198.4609375	0.0	stim_test,16606,-1,959	788	50806	16606.jpg
198.6640625	0.0	stim_test,16639,-1,960	789	50858	16639.jpg
198.8515625	0.0	stim_test,16640,-1,961	790	50906	16640.jpg
199.0546875	0.0	stim_test,16560,-1,962	791	50958	16560.jpg
199.2578125	0.0	stim_test,16583,-1,963	792	51010	16583.jpg
199.4609375	0.0	stim_test,16674,-1,964	793	51062	16674.jpg
199.6640625	0.0	stim_test,16736,-1,965	794	51114	16736.jpg
199.8515625	0.0	stim_test,16707,-1,966	795	51162	16707.jpg
200.0546875	0.0	stim_test,16715,-1,967	796	51214	16715.jpg
200.2578125	0.0	stim_test,16628,-1,968	797	51266	16628.jpg
201.41015625	0.0	behav,3,-1,969	798	51561	n/a
201.7578125	0.0	stim_test,16729,-1,970	799	51650	16729.jpg
201.9609375	0.0	stim_test,16684,-1,971	800	51702	16684.jpg
202.1640625	0.0	stim_test,16689,-1,972	801	51754	16689.jpg
202.3671875	0.0	stim_test,16716,-1,973	802	51806	16716.jpg
202.5546875	0.0	stim_test,16709,-1,974	803	51854	16709.jpg
202.7578125	0.0	stim_test,16646,-1,975	804	51906	16646.jpg
202.9609375	0.0	stim_test,16567,-1,976	805	51958	16567.jpg
203.1640625	0.0	stim_test,16547,-1,977	806	52010	16547.jpg
203.3671875	0.0	stim_test,16654,-1,978	807	52062	16654.jpg
203.5546875	0.0	stim_test,16543,-1,979	808	52110	16543.jpg
203.7578125	0.0	stim_test,16680,-1,980	809	52162	16680.jpg
203.9609375	0.0	stim_test,16603,-1,981	810	52214	16603.jpg
204.1640625	0.0	stim_test,16714,-1,982	811	52266	16714.jpg
204.3671875	0.0	stim_test,16581,-1,983	812	52318	16581.jpg
204.5703125	0.0	stim_test,16624,-1,984	813	52370	16624.jpg
204.7578125	0.0	stim_test,16687,-1,985	814	52418	16687.jpg
204.9609375	0.0	stim_test,16570,-1,986	815	52470	16570.jpg
205.1640625	0.0	stim_test,16732,-1,987	816	52522	16732.jpg
205.3671875	0.0	stim_test,16618,-1,988	817	52574	16618.jpg
205.5703125	0.0	stim_test,16615,-1,989	818	52626	16615.jpg
206.62109375	0.0	behav,3,-1,990	819	52895	n/a
206.9765625	0.0	stim_test,16548,-1,991	820	52986	16548.jpg
207.1796875	0.0	stim_test,16706,-1,992	821	53038	16706.jpg
207.3828125	0.0	stim_test,16710,-1,993	822	53090	16710.jpg
207.5859375	0.0	stim_test,16696,-1,994	823	53142	16696.jpg
207.7890625	0.0	stim_test,16545,-1,995	824	53194	16545.jpg
207.9765625	0.0	stim_test,16637,-1,996	825	53242	16637.jpg
208.1796875	0.0	stim_test,16599,-1,997	826	53294	16599.jpg
208.3828125	0.0	stim_test,16554,-1,998	827	53346	16554.jpg
208.5859375	0.0	stim_test,16704,-1,999	828	53398	16704.jpg
208.7890625	0.0	stim_test,16697,-1,1000	829	53450	16697.jpg
208.9921875	0.0	stim_test,16720,-1,1001	830	53502	16720.jpg
209.1796875	0.0	stim_test,16637,-1,1002	831	53550	16637.jpg
209.3828125	0.0	stim_test,16576,-1,1003	832	53602	16576.jpg
209.5859375	0.0	stim_test,16578,-1,1004	833	53654	16578.jpg
209.7890625	0.0	stim_test,16624,-1,1005	834	53706	16624.jpg
209.9921875	0.0	stim_test,16669,-1,1006	835	53758	16669.jpg
210.1796875	0.0	stim_test,16667,-1,1007	836	53806	16667.jpg
210.3828125	0.0	stim_test,16661,-1,1008	837	53858	16661.jpg
210.5859375	0.0	stim_test,16707,-1,1009	838	53910	16707.jpg
210.7890625	0.0	stim_test,16687,-1,1010	839	53962	16687.jpg
211.96875	0.0	behav,3,-1,1011	840	54264	n/a
212.3515625	0.0	stim_test,16732,-1,1012	841	54362	16732.jpg
212.5546875	0.0	stim_test,16726,-1,1013	842	54414	16726.jpg
212.7578125	0.0	stim_test,16553,-1,1014	843	54466	16553.jpg
212.9609375	0.0	stim_test,16554,-1,1015	844	54518	16554.jpg
213.15234375	0.0	stim_test,16540,-1,1016	845	54567	16540.jpg
213.3515625	0.0	stim_test,16564,-1,1017	846	54618	16564.jpg
213.5546875	0.0	stim_test,16705,-1,1018	847	54670	16705.jpg
213.7578125	0.0	stim_test,16704,-1,1019	848	54722	16704.jpg
213.9609375	0.0	stim_test,16592,-1,1020	849	54774	16592.jpg
214.1640625	0.0	stim_test,16693,-1,1021	850	54826	16693.jpg
214.35546875	0.0	stim_test,16618,-1,1022	851	54875	16618.jpg
214.55859375	0.0	stim_test,16541,-1,1023	852	54927	16541.jpg
214.7578125	0.0	stim_test,16677,-1,1024	853	54978	16677.jpg
214.9609375	0.0	stim_test,16550,-1,1025	854	55030	16550.jpg
215.1640625	0.0	stim_test,16697,-1,1026	855	55082	16697.jpg
215.35546875	0.0	stim_test,16542,-1,1027	856	55131	16542.jpg
215.55859375	0.0	stim_test,16633,-1,1028	857	55183	16633.jpg
215.76171875	0.0	stim_test,16549,-1,1029	858	55235	16549.jpg
215.96484375	0.0	stim_test,16715,-1,1030	859	55287	16715.jpg
216.16796875	0.0	stim_test,16571,-1,1031	860	55339	16571.jpg
217.34765625	0.0	behav,3,-1,1032	861	55641	n/a
217.7109375	0.0	stim_test,16739,-1,1033	862	55734	16739.jpg
217.91796875	0.0	stim_test,16659,-1,1034	863	55787	16659.jpg
218.12109375	0.0	stim_test,16555,-1,1035	864	55839	16555.jpg
218.30859375	0.0	stim_test,16649,-1,1036	865	55887	16649.jpg
218.51171875	0.0	stim_test,16653,-1,1037	866	55939	16653.jpg
218.71484375	0.0	stim_test,16641,-1,1038	867	55991	16641.jpg
218.91796875	0.0	stim_test,16632,-1,1039	868	56043	16632.jpg
219.12109375	0.0	stim_test,16646,-1,1040	869	56095	16646.jpg
219.30859375	0.0	stim_test,16691,-1,1041	870	56143	16691.jpg
219.51171875	0.0	stim_test,16725,-1,1042	871	56195	16725.jpg
219.71484375	0.0	stim_test,16648,-1,1043	872	56247	16648.jpg
219.91796875	0.0	stim_test,16657,-1,1044	873	56299	16657.jpg
220.12109375	0.0	stim_test,16678,-1,1045	874	56351	16678.jpg
220.30859375	0.0	stim_test,16572,-1,1046	875	56399	16572.jpg
220.51171875	0.0	stim_test,16590,-1,1047	876	56451	16590.jpg
220.71484375	0.0	stim_test,16685,-1,1048	877	56503	16685.jpg
220.91796875	0.0	stim_test,16582,-1,1049	878	56555	16582.jpg
221.12109375	0.0	stim_test,16675,-1,1050	879	56607	16675.jpg
221.32421875	0.0	stim_test,16568,-1,1051	880	56659	16568.jpg
221.51171875	0.0	stim_test,16634,-1,1052	881	56707	16634.jpg
222.73828125	0.0	behav,3,-1,1053	882	57021	n/a
223.10546875	0.0	stim_test,16559,-1,1054	883	57115	16559.jpg
223.30859375	0.0	stim_test,16615,-1,1055	884	57167	16615.jpg
223.49609375	0.0	stim_test,16717,-1,1056	885	57215	16717.jpg
223.69921875	0.0	stim_test,16627,-1,1057	886	57267	16627.jpg
223.90234375	0.0	stim_test,16601,-1,1058	887	57319	16601.jpg
224.10546875	0.0	stim_test,16628,-1,1059	888	57371	16628.jpg
224.30859375	0.0	stim_test,16713,-1,1060	889	57423	16713.jpg
224.49609375	0.0	stim_test,16650,-1,1061	890	57471	16650.jpg
224.69921875	0.0	stim_test,16557,-1,1062	891	57523	16557.jpg
224.90234375	0.0	stim_test,16635,-1,1063	892	57575	16635.jpg
225.10546875	0.0	stim_test,16672,-1,1064	893	57627	16672.jpg
225.30859375	0.0	stim_test,16599,-1,1065	894	57679	16599.jpg
225.51171875	0.0	stim_test,16721,-1,1066	895	57731	16721.jpg
225.69921875	0.0	stim_test,16706,-1,1067	896	57779	16706.jpg
225.90234375	0.0	stim_test,16588,-1,1068	897	57831	16588.jpg
226.10546875	0.0	stim_test,16594,-1,1069	898	57883	16594.jpg
226.30859375	0.0	stim_test,16586,-1,1070	899	57935	16586.jpg
226.51171875	0.0	stim_test,16567,-1,1071	900	57987	16567.jpg
226.69921875	0.0	stim_test,16639,-1,101	901	58035	16639.jpg
226.90234375	0.0	stim_test,16580,-1,102	902	58087	16580.jpg
228.0703125	0.0	behav,3,-1,103	903	58386	n/a
228.44921875	0.0	stim_test,16701,-1,104	904	58483	16701.jpg
228.6328125	0.0	stim_test,16737,-1,105	905	58530	16737.jpg
228.8359375	0.0	stim_test,16543,-1,106	906	58582	16543.jpg
229.04296875	0.0	stim_test,16722,-1,107	907	58635	16722.jpg
229.24609375	0.0	stim_test,16548,-1,108	908	58687	16548.jpg
229.44921875	0.0	stim_test,16613,-1,109	909	58739	16613.jpg
229.63671875	0.0	stim_test,16660,-1,110	910	58787	16660.jpg
229.83984375	0.0	stim_test,16703,-1,111	911	58839	16703.jpg
230.04296875	0.0	stim_test,16636,-1,112	912	58891	16636.jpg
230.2421875	0.0	stim_test,16734,-1,113	913	58942	16734.jpg
230.44921875	0.0	stim_test,16738,-1,114	914	58995	16738.jpg
230.6328125	0.0	stim_test,16640,-1,115	915	59042	16640.jpg
230.8359375	0.0	stim_test,16736,-1,116	916	59094	16736.jpg
231.04296875	0.0	stim_test,16654,-1,117	917	59147	16654.jpg
231.2421875	0.0	stim_test,16716,-1,118	918	59198	16716.jpg
231.4453125	0.0	stim_test,16694,-1,119	919	59250	16694.jpg
231.6484375	0.0	stim_test,16602,-1,120	920	59302	16602.jpg
231.8359375	0.0	stim_test,16597,-1,121	921	59350	16597.jpg
232.04296875	0.0	stim_test,16625,-1,122	922	59403	16625.jpg
232.2421875	0.0	stim_test,16712,-1,123	923	59454	16712.jpg
233.578125	0.0	behav,3,-1,124	924	59796	n/a
233.9453125	0.0	stim_test,16690,-1,125	925	59890	16690.jpg
234.1484375	0.0	stim_test,16645,-1,126	926	59942	16645.jpg
234.3359375	0.0	stim_test,16595,-1,127	927	59990	16595.jpg
234.5390625	0.0	stim_test,16565,-1,128	928	60042	16565.jpg
234.7421875	0.0	stim_test,16664,-1,129	929	60094	16664.jpg
234.9453125	0.0	stim_test,16551,-1,130	930	60146	16551.jpg
235.1484375	0.0	stim_test,16577,-1,131	931	60198	16577.jpg
235.3359375	0.0	stim_test,16623,-1,132	932	60246	16623.jpg
235.5390625	0.0	stim_test,16663,-1,133	933	60298	16663.jpg
235.7421875	0.0	stim_test,16662,-1,134	934	60350	16662.jpg
235.9453125	0.0	stim_test,16604,-1,135	935	60402	16604.jpg
236.1484375	0.0	stim_test,16584,-1,136	936	60454	16584.jpg
236.3515625	0.0	stim_test,16609,-1,137	937	60506	16609.jpg
236.5390625	0.0	stim_test,16724,-1,138	938	60554	16724.jpg
236.7421875	0.0	stim_test,16612,-1,139	939	60606	16612.jpg
236.9453125	0.0	stim_test,16700,-1,140	940	60658	16700.jpg
237.15234375	0.0	stim_test,16556,-1,141	941	60711	16556.jpg
237.3515625	0.0	stim_test,16617,-1,142	942	60762	16617.jpg
237.5390625	0.0	stim_test,16709,-1,143	943	60810	16709.jpg
237.7421875	0.0	stim_test,16622,-1,144	944	60862	16622.jpg
238.9453125	0.0	behav,3,-1,145	945	61170	n/a
239.3203125	0.0	stim_test,16688,-1,146	946	61266	16688.jpg
239.5078125	0.0	stim_test,16719,-1,147	947	61314	16719.jpg
239.7109375	0.0	stim_test,16546,-1,148	948	61366	16546.jpg
239.9140625	0.0	stim_test,16629,-1,149	949	61418	16629.jpg
240.1171875	0.0	stim_test,16644,-1,150	950	61470	16644.jpg
240.3203125	0.0	stim_test,16733,-1,151	951	61522	16733.jpg
240.5234375	0.0	stim_test,16683,-1,152	952	61574	16683.jpg
240.7109375	0.0	stim_test,16552,-1,153	953	61622	16552.jpg
240.9140625	0.0	stim_test,16589,-1,154	954	61674	16589.jpg
241.1171875	0.0	stim_test,16593,-1,155	955	61726	16593.jpg
241.3203125	0.0	stim_test,16579,-1,156	956	61778	16579.jpg
241.5234375	0.0	stim_test,16699,-1,157	957	61830	16699.jpg
241.7109375	0.0	stim_test,16728,-1,158	958	61878	16728.jpg
241.9140625	0.0	stim_test,16708,-1,159	959	61930	16708.jpg
242.1171875	0.0	stim_test,16665,-1,160	960	61982	16665.jpg
242.3203125	0.0	stim_test,16658,-1,161	961	62034	16658.jpg
242.5234375	0.0	stim_test,16684,-1,162	962	62086	16684.jpg
242.7109375	0.0	stim_test,16631,-1,163	963	62134	16631.jpg
242.9140625	0.0	stim_test,16560,-1,164	964	62186	16560.jpg
243.1171875	0.0	stim_test,16544,-1,165	965	62238	16544.jpg
244.28515625	0.0	behav,3,-1,166	966	62537	n/a
244.6484375	0.0	stim_test,16695,-1,167	967	62630	16695.jpg
244.8515625	0.0	stim_test,16676,-1,168	968	62682	16676.jpg
245.0546875	0.0	stim_test,16558,-1,169	969	62734	16558.jpg
245.2578125	0.0	stim_test,16620,-1,170	970	62786	16620.jpg
245.4609375	0.0	stim_test,16569,-1,171	971	62838	16569.jpg
245.6484375	0.0	stim_test,16686,-1,172	972	62886	16686.jpg
245.8515625	0.0	stim_test,16692,-1,173	973	62938	16692.jpg
246.0546875	0.0	stim_test,16585,-1,174	974	62990	16585.jpg
246.2578125	0.0	stim_test,16614,-1,175	975	63042	16614.jpg
246.4609375	0.0	stim_test,16735,-1,176	976	63094	16735.jpg
246.6484375	0.0	stim_test,16727,-1,177	977	63142	16727.jpg
246.8515625	0.0	stim_test,16643,-1,178	978	63194	16643.jpg
247.0546875	0.0	oddball,16742,-1,179	979	63246	16742.jpg
247.26171875	0.0	stim_test,16710,-1,180	980	63299	16710.jpg
247.4609375	0.0	stim_test,16689,-1,181	981	63350	16689.jpg
247.6640625	0.0	stim_test,16610,-1,182	982	63402	16610.jpg
247.85546875	0.0	stim_test,16698,-1,183	983	63451	16698.jpg
248.05859375	0.0	stim_test,16730,-1,184	984	63503	16730.jpg
248.26171875	0.0	stim_test,16605,-1,185	985	63555	16605.jpg
248.4609375	0.0	stim_test,16714,-1,186	986	63606	16714.jpg
249.61328125	0.0	behav,0,-1,187	987	63901	n/a
249.9609375	0.0	stim_test,16608,-1,188	988	63990	16608.jpg
250.1640625	0.0	stim_test,16655,-1,189	989	64042	16655.jpg
250.35546875	0.0	stim_test,16673,-1,190	990	64091	16673.jpg
250.55859375	0.0	stim_test,16574,-1,191	991	64143	16574.jpg
250.76171875	0.0	stim_test,16666,-1,192	992	64195	16666.jpg
250.96484375	0.0	stim_test,16621,-1,193	993	64247	16621.jpg
251.1640625	0.0	stim_test,16626,-1,194	994	64298	16626.jpg
251.3671875	0.0	stim_test,16651,-1,195	995	64350	16651.jpg
251.55859375	0.0	stim_test,16642,-1,196	996	64399	16642.jpg
251.76171875	0.0	stim_test,16607,-1,197	997	64451	16607.jpg
251.96484375	0.0	stim_test,16668,-1,198	998	64503	16668.jpg
252.16796875	0.0	stim_test,16561,-1,199	999	64555	16561.jpg
252.37109375	0.0	stim_test,16598,-1,200	1000	64607	16598.jpg
252.55859375	0.0	stim_test,16630,-1,201	1001	64655	16630.jpg
252.76171875	0.0	stim_test,16696,-1,202	1002	64707	16696.jpg
252.9609375	0.0	stim_test,16619,-1,203	1003	64758	16619.jpg
253.1640625	0.0	stim_test,16723,-1,204	1004	64810	16723.jpg
253.3671875	0.0	oddball,16741,-1,205	1005	64862	16741.jpg
253.55859375	0.0	stim_test,16600,-1,206	1006	64911	16600.jpg
253.76171875	0.0	stim_test,16652,-1,207	1007	64963	16652.jpg
254.91796875	0.0	behav,0,-1,208	1008	65259	n/a
255.27734375	0.0	stim_test,16670,-1,209	1009	65351	16670.jpg
255.48046875	0.0	stim_test,16731,-1,210	1010	65403	16731.jpg
255.68359375	0.0	stim_test,16674,-1,211	1011	65455	16674.jpg
255.88671875	0.0	stim_test,16647,-1,212	1012	65507	16647.jpg
256.08984375	0.0	stim_test,16570,-1,213	1013	65559	16570.jpg
256.29296875	0.0	stim_test,16718,-1,214	1014	65611	16718.jpg
256.48046875	0.0	stim_test,16702,-1,215	1015	65659	16702.jpg
256.68359375	0.0	stim_test,16603,-1,216	1016	65711	16603.jpg
256.88671875	0.0	stim_test,16671,-1,217	1017	65763	16671.jpg
257.08984375	0.0	stim_test,16616,-1,218	1018	65815	16616.jpg
257.29296875	0.0	stim_test,16587,-1,219	1019	65867	16587.jpg
257.48046875	0.0	stim_test,16596,-1,220	1020	65915	16596.jpg
257.68359375	0.0	stim_test,16591,-1,221	1021	65967	16591.jpg
257.88671875	0.0	stim_test,16682,-1,222	1022	66019	16682.jpg
258.08984375	0.0	stim_test,16583,-1,223	1023	66071	16583.jpg
258.29296875	0.0	stim_test,16581,-1,224	1024	66123	16581.jpg
258.48046875	0.0	stim_test,16638,-1,225	1025	66171	16638.jpg
258.68359375	0.0	stim_test,16566,-1,226	1026	66223	16566.jpg
258.88671875	0.0	stim_test,16562,-1,227	1027	66275	16562.jpg
259.08984375	0.0	stim_test,16611,-1,228	1028	66327	16611.jpg
260.2734375	0.0	behav,3,-1,229	1029	66630	n/a
260.62109375	0.0	stim_test,16606,-1,230	1030	66719	16606.jpg
260.82421875	0.0	stim_test,16729,-1,231	1031	66771	16729.jpg
261.02734375	0.0	stim_test,16680,-1,232	1032	66823	16680.jpg
261.23046875	0.0	stim_test,16681,-1,233	1033	66875	16681.jpg
261.41796875	0.0	stim_test,16573,-1,234	1034	66923	16573.jpg
261.62109375	0.0	stim_test,16679,-1,235	1035	66975	16679.jpg
261.82421875	0.0	stim_test,16656,-1,236	1036	67027	16656.jpg
262.02734375	0.0	stim_test,16575,-1,237	1037	67079	16575.jpg
262.23046875	0.0	stim_test,16711,-1,238	1038	67131	16711.jpg
262.41796875	0.0	stim_test,16563,-1,239	1039	67179	16563.jpg
262.62109375	0.0	stim_test,16545,-1,240	1040	67231	16545.jpg
262.82421875	0.0	stim_test,16547,-1,241	1041	67283	16547.jpg
263.02734375	0.0	stim_test,16647,-1,242	1042	67335	16647.jpg
263.23046875	0.0	stim_test,16668,-1,243	1043	67387	16668.jpg
263.43359375	0.0	stim_test,16593,-1,244	1044	67439	16593.jpg
263.6171875	0.0	stim_test,16694,-1,245	1045	67486	16694.jpg
263.8203125	0.0	stim_test,16585,-1,246	1046	67538	16585.jpg
264.0234375	0.0	stim_test,16576,-1,247	1047	67590	16576.jpg
264.2265625	0.0	stim_test,16626,-1,248	1048	67642	16626.jpg
264.4296875	0.0	stim_test,16722,-1,249	1049	67694	16722.jpg
266.01171875	0.0	behav,3,-1,250	1050	68099	n/a
266.3828125	0.0	stim_test,16708,-1,251	1051	68194	16708.jpg
266.5703125	0.0	stim_test,16658,-1,252	1052	68242	16658.jpg
266.7734375	0.0	stim_test,16556,-1,253	1053	68294	16556.jpg
266.9765625	0.0	stim_test,16557,-1,254	1054	68346	16557.jpg
267.1796875	0.0	stim_test,16737,-1,255	1055	68398	16737.jpg
267.3828125	0.0	stim_test,16664,-1,256	1056	68450	16664.jpg
267.5703125	0.0	stim_test,16607,-1,257	1057	68498	16607.jpg
267.7734375	0.0	stim_test,16569,-1,258	1058	68550	16569.jpg
267.9765625	0.0	stim_test,16683,-1,259	1059	68602	16683.jpg
268.1796875	0.0	stim_test,16705,-1,260	1060	68654	16705.jpg
268.3828125	0.0	stim_test,16723,-1,261	1061	68706	16723.jpg
268.5703125	0.0	stim_test,16575,-1,262	1062	68754	16575.jpg
268.7734375	0.0	stim_test,16738,-1,263	1063	68806	16738.jpg
268.9765625	0.0	stim_test,16731,-1,264	1064	68858	16731.jpg
269.1796875	0.0	stim_test,16627,-1,265	1065	68910	16627.jpg
269.3828125	0.0	stim_test,16604,-1,266	1066	68962	16604.jpg
269.5703125	0.0	stim_test,16715,-1,267	1067	69010	16715.jpg
269.7734375	0.0	stim_test,16692,-1,268	1068	69062	16692.jpg
269.9765625	0.0	stim_test,16619,-1,269	1069	69114	16619.jpg
270.1796875	0.0	stim_test,16540,-1,270	1070	69166	16540.jpg
271.43359375	0.0	behav,3,-1,271	1071	69487	n/a
